{
  "groups": {
    "attack=none": {
      "accuracy": 0.6752,
      "auprc": 0.8675282807002804,
      "auroc": 0.8280732,
      "balanced_accuracy": 0.6752,
      "brier": 0.2994136751073188,
      "ece_10": 0.2968723664420104,
      "f1": 0.726507241495453,
      "fn": 343,
      "fp": 1281,
      "fpr_at_tpr_0.8": 0.3384,
      "fpr_at_tpr_0.9": 0.6128,
      "fpr_at_tpr_0.95": 0.818,
      "mcc": 0.37801641165254374,
      "n_errors": 0,
      "n_scored": 5000,
      "n_total": 5000,
      "precision": 0.6273996509598604,
      "recall": 0.8628,
      "score_max": 0.9999630451202393,
      "score_mean": 0.685725642619803,
      "score_min": 8.34975580801256e-05,
      "score_std": 0.43644005754706283,
      "specificity": 0.4876,
      "threshold": 0.5,
      "tn": 1219,
      "tp": 2157,
      "tpr_at_fpr_0.001": 0.2448,
      "tpr_at_fpr_0.005": 0.3736,
      "tpr_at_fpr_0.01": 0.4328,
      "tpr_at_fpr_0.05": 0.5696
    },
    "domain=academic_abstract": {
      "accuracy": 0.76625,
      "auprc": 0.894983928177902,
      "auroc": 0.8622031249999998,
      "balanced_accuracy": 0.76625,
      "brier": 0.21680334200422394,
      "ece_10": 0.21427309349920504,
      "f1": 0.7843137254901961,
      "fn": 60,
      "fp": 127,
      "fpr_at_tpr_0.8": 0.225,
      "fpr_at_tpr_0.9": 0.49,
      "fpr_at_tpr_0.95": 0.765,
      "mcc": 0.5401309287766047,
      "n_errors": 0,
      "n_scored": 800,
      "n_total": 800,
      "precision": 0.728051391862955,
      "recall": 0.85,
      "score_max": 0.9999476671218872,
      "score_mean": 0.5861638107076669,
      "score_min": 8.419138612225652e-05,
      "score_std": 0.4641936782690144,
      "specificity": 0.6825,
      "threshold": 0.5,
      "tn": 273,
      "tp": 340,
      "tpr_at_fpr_0.001": 0.315,
      "tpr_at_fpr_0.005": 0.495,
      "tpr_at_fpr_0.01": 0.505,
      "tpr_at_fpr_0.05": 0.6225
    },
    "domain=commonsense_completion": {
      "accuracy": 0.46,
      "auprc": 0.646657369631519,
      "auroc": 0.5059,
      "balanced_accuracy": 0.46,
      "brier": 0.5356743976475369,
      "ece_10": 0.5391426700207376,
      "f1": 0.6275862068965518,
      "fn": 9,
      "fp": 99,
      "fpr_at_tpr_0.8": 0.95,
      "fpr_at_tpr_0.9": 0.99,
      "fpr_at_tpr_0.95": 1.0,
      "mcc": -0.1835325870964494,
      "n_errors": 0,
      "n_scored": 200,
      "n_total": 200,
      "precision": 0.4789473684210526,
      "recall": 0.91,
      "score_max": 0.9999502897262573,
      "score_mean": 0.950891447975955,
      "score_min": 0.00010108462447533384,
      "score_std": 0.1993617586470741,
      "specificity": 0.01,
      "threshold": 0.5,
      "tn": 1,
      "tp": 91,
      "tpr_at_fpr_0.001": 0.18,
      "tpr_at_fpr_0.005": 0.18,
      "tpr_at_fpr_0.01": 0.19,
      "tpr_at_fpr_0.05": 0.29
    },
    "domain=creative_writing": {
      "accuracy": 0.715,
      "auprc": 0.8356069465472377,
      "auroc": 0.8123555555555556,
      "balanced_accuracy": 0.715,
      "brier": 0.26501512467961796,
      "ece_10": 0.2601780214480095,
      "f1": 0.7106598984771574,
      "fn": 90,
      "fp": 81,
      "fpr_at_tpr_0.8": 0.34,
      "fpr_at_tpr_0.9": 0.5066666666666667,
      "fpr_at_tpr_0.95": 0.65,
      "mcc": 0.43019363071053657,
      "n_errors": 0,
      "n_scored": 600,
      "n_total": 600,
      "precision": 0.7216494845360825,
      "recall": 0.7,
      "score_max": 0.9999611377716064,
      "score_mean": 0.4932759675809211,
      "score_min": 8.71747761266306e-05,
      "score_std": 0.4818940428580982,
      "specificity": 0.73,
      "threshold": 0.5,
      "tn": 219,
      "tp": 210,
      "tpr_at_fpr_0.001": 0.30333333333333334,
      "tpr_at_fpr_0.005": 0.38666666666666666,
      "tpr_at_fpr_0.01": 0.41,
      "tpr_at_fpr_0.05": 0.4633333333333333
    },
    "domain=educational_web": {
      "accuracy": 0.715,
      "auprc": 0.9405541008171672,
      "auroc": 0.9263,
      "balanced_accuracy": 0.715,
      "brier": 0.25897070493760915,
      "ece_10": 0.2678101946948299,
      "f1": 0.7729083665338645,
      "fn": 3,
      "fp": 54,
      "fpr_at_tpr_0.8": 0.1,
      "fpr_at_tpr_0.9": 0.22,
      "fpr_at_tpr_0.95": 0.45,
      "mcc": 0.4998986246737122,
      "n_errors": 0,
      "n_scored": 200,
      "n_total": 200,
      "precision": 0.6423841059602649,
      "recall": 0.97,
      "score_max": 0.9999616146087646,
      "score_mean": 0.7498068765761127,
      "score_min": 8.948508184403181e-05,
      "score_std": 0.4028016087671038,
      "specificity": 0.46,
      "threshold": 0.5,
      "tn": 46,
      "tp": 97,
      "tpr_at_fpr_0.001": 0.63,
      "tpr_at_fpr_0.005": 0.63,
      "tpr_at_fpr_0.01": 0.65,
      "tpr_at_fpr_0.05": 0.74
    },
    "domain=email": {
      "accuracy": 0.73,
      "auprc": 0.9886553362252145,
      "auroc": 0.9887,
      "balanced_accuracy": 0.73,
      "brier": 0.2393312480037435,
      "ece_10": 0.2671356858022773,
      "f1": 0.7874015748031497,
      "fn": 0,
      "fp": 54,
      "fpr_at_tpr_0.8": 0.02,
      "fpr_at_tpr_0.9": 0.02,
      "fpr_at_tpr_0.95": 0.04,
      "mcc": 0.5465357250000211,
      "n_errors": 0,
      "n_scored": 200,
      "n_total": 200,
      "precision": 0.6493506493506493,
      "recall": 1.0,
      "score_max": 0.9999531507492065,
      "score_mean": 0.7671356858022773,
      "score_min": 0.0001387437805533409,
      "score_std": 0.38809127975690216,
      "specificity": 0.46,
      "threshold": 0.5,
      "tn": 46,
      "tp": 100,
      "tpr_at_fpr_0.001": 0.7,
      "tpr_at_fpr_0.005": 0.7,
      "tpr_at_fpr_0.01": 0.75,
      "tpr_at_fpr_0.05": 0.96
    },
    "domain=encyclopedic_reference": {
      "accuracy": 0.625,
      "auprc": 0.8393900459408774,
      "auroc": 0.7815125,
      "balanced_accuracy": 0.625,
      "brier": 0.3406597865488397,
      "ece_10": 0.3387293104679884,
      "f1": 0.6887966804979253,
      "fn": 34,
      "fp": 116,
      "fpr_at_tpr_0.8": 0.5,
      "fpr_at_tpr_0.9": 0.855,
      "fpr_at_tpr_0.95": 0.92,
      "mcc": 0.2740971037101471,
      "n_errors": 0,
      "n_scored": 400,
      "n_total": 400,
      "precision": 0.5886524822695035,
      "recall": 0.83,
      "score_max": 0.9999568462371826,
      "score_mean": 0.6995957455186544,
      "score_min": 9.66355946729891e-05,
      "score_std": 0.4211362282787014,
      "specificity": 0.42,
      "threshold": 0.5,
      "tn": 84,
      "tp": 166,
      "tpr_at_fpr_0.001": 0.365,
      "tpr_at_fpr_0.005": 0.375,
      "tpr_at_fpr_0.01": 0.435,
      "tpr_at_fpr_0.05": 0.51
    },
    "domain=finance": {
      "accuracy": 0.775,
      "auprc": 0.997432085932086,
      "auroc": 0.9972,
      "balanced_accuracy": 0.775,
      "brier": 0.20885740091249544,
      "ece_10": 0.2246680887506955,
      "f1": 0.8163265306122449,
      "fn": 0,
      "fp": 45,
      "fpr_at_tpr_0.8": 0.0,
      "fpr_at_tpr_0.9": 0.0,
      "fpr_at_tpr_0.95": 0.0,
      "mcc": 0.6158817620514397,
      "n_errors": 0,
      "n_scored": 200,
      "n_total": 200,
      "precision": 0.6896551724137931,
      "recall": 1.0,
      "score_max": 0.9999533891677856,
      "score_mean": 0.7246680887506954,
      "score_min": 0.00010094206663779914,
      "score_std": 0.4285089422931852,
      "specificity": 0.55,
      "threshold": 0.5,
      "tn": 55,
      "tp": 100,
      "tpr_at_fpr_0.001": 0.97,
      "tpr_at_fpr_0.005": 0.97,
      "tpr_at_fpr_0.01": 0.97,
      "tpr_at_fpr_0.05": 0.97
    },
    "domain=forum_qa": {
      "accuracy": 0.71,
      "auprc": 0.9082565402018966,
      "auroc": 0.8638999999999999,
      "balanced_accuracy": 0.71,
      "brier": 0.24846663313510944,
      "ece_10": 0.253313865737382,
      "f1": 0.7456140350877193,
      "fn": 30,
      "fp": 86,
      "fpr_at_tpr_0.8": 0.13,
      "fpr_at_tpr_0.9": 0.575,
      "fpr_at_tpr_0.95": 0.865,
      "mcc": 0.4375,
      "n_errors": 0,
      "n_scored": 400,
      "n_total": 400,
      "precision": 0.6640625,
      "recall": 0.85,
      "score_max": 0.9999587535858154,