{
  "groups": {
    "attack=none": {
      "accuracy": 0.6448,
      "auprc": 0.7361213138086489,
      "auroc": 0.69717216,
      "balanced_accuracy": 0.6448,
      "brier": 0.32262420314463663,
      "ece_10": 0.3122285682728165,
      "f1": 0.5590863952333665,
      "fn": 1374,
      "fp": 402,
      "fpr_at_tpr_0.8": 0.6064,
      "fpr_at_tpr_0.9": 0.7828,
      "fpr_at_tpr_0.95": 0.8708,
      "mcc": 0.3143308672877237,
      "n_errors": 0,
      "n_scored": 5000,
      "n_total": 5000,
      "precision": 0.7369109947643979,
      "recall": 0.4504,
      "score_max": 0.9992533326148987,
      "score_mean": 0.32951158160663907,
      "score_min": 0.0002442682161927223,
      "score_std": 0.4323861926494188,
      "specificity": 0.8392,
      "threshold": 0.5,
      "tn": 2098,
      "tp": 1126,
      "tpr_at_fpr_0.001": 0.0672,
      "tpr_at_fpr_0.005": 0.1308,
      "tpr_at_fpr_0.01": 0.166,
      "tpr_at_fpr_0.05": 0.3024
    },
    "domain=academic_abstract": {
      "accuracy": 0.66625,
      "auprc": 0.7932266971415995,
      "auroc": 0.73544375,
      "balanced_accuracy": 0.66625,
      "brier": 0.3000931961993773,
      "ece_10": 0.30037502441355174,
      "f1": 0.5240641711229946,
      "fn": 253,
      "fp": 14,
      "fpr_at_tpr_0.8": 0.6275,
      "fpr_at_tpr_0.9": 0.86,
      "fpr_at_tpr_0.95": 0.97,
      "mcc": 0.4146563054752802,
      "n_errors": 0,
      "n_scored": 800,
      "n_total": 800,
      "precision": 0.9130434782608695,
      "recall": 0.3675,
      "score_max": 0.9992427825927734,
      "score_mean": 0.21914987933090743,
      "score_min": 0.00024558455334044993,
      "score_std": 0.37740808535629256,
      "specificity": 0.965,
      "threshold": 0.5,
      "tn": 386,
      "tp": 147,
      "tpr_at_fpr_0.001": 0.1,
      "tpr_at_fpr_0.005": 0.215,
      "tpr_at_fpr_0.01": 0.2325,
      "tpr_at_fpr_0.05": 0.41
    },
    "domain=commonsense_completion": {
      "accuracy": 0.465,
      "auprc": 0.4872889922578713,
      "auroc": 0.48715,
      "balanced_accuracy": 0.465,
      "brier": 0.4822944811534818,
      "ece_10": 0.48832876427928573,
      "f1": 0.42780748663101603,
      "fn": 60,
      "fp": 47,
      "fpr_at_tpr_0.8": 0.76,
      "fpr_at_tpr_0.9": 0.94,
      "fpr_at_tpr_0.95": 0.95,
      "mcc": -0.0705991044344285,
      "n_errors": 0,
      "n_scored": 200,
      "n_total": 200,
      "precision": 0.45977011494252873,
      "recall": 0.4,
      "score_max": 0.9992382526397705,
      "score_mean": 0.4482632805510366,
      "score_min": 0.0002442682161927223,
      "score_std": 0.4575701237008377,
      "specificity": 0.53,
      "threshold": 0.5,
      "tn": 53,
      "tp": 40,
      "tpr_at_fpr_0.001": 0.0,
      "tpr_at_fpr_0.005": 0.0,
      "tpr_at_fpr_0.01": 0.01,
      "tpr_at_fpr_0.05": 0.03
    },
    "domain=creative_writing": {
      "accuracy": 0.5883333333333334,
      "auprc": 0.6770427077673403,
      "auroc": 0.6248222222222222,
      "balanced_accuracy": 0.5883333333333334,
      "brier": 0.3698525078468124,
      "ece_10": 0.36156422470109345,
      "f1": 0.5222437137330754,
      "fn": 165,
      "fp": 82,
      "fpr_at_tpr_0.8": 0.69,
      "fpr_at_tpr_0.9": 0.8966666666666666,
      "fpr_at_tpr_0.95": 0.9733333333333334,
      "mcc": 0.1838427956896053,
      "n_errors": 0,
      "n_scored": 600,
      "n_total": 600,
      "precision": 0.6221198156682027,
      "recall": 0.45,
      "score_max": 0.9992450475692749,
      "score_mean": 0.3830319945603939,
      "score_min": 0.0002446299185976386,
      "score_std": 0.44334106813503465,
      "specificity": 0.7266666666666667,
      "threshold": 0.5,
      "tn": 218,
      "tp": 135,
      "tpr_at_fpr_0.001": 0.11333333333333333,
      "tpr_at_fpr_0.005": 0.13,
      "tpr_at_fpr_0.01": 0.13666666666666666,
      "tpr_at_fpr_0.05": 0.23666666666666666
    },
    "domain=educational_web": {
      "accuracy": 0.655,
      "auprc": 0.7301111281960397,
      "auroc": 0.6306999999999999,
      "balanced_accuracy": 0.655,
      "brier": 0.31710660153629033,
      "ece_10": 0.3008030995071749,
      "f1": 0.5660377358490566,
      "fn": 55,
      "fp": 14,
      "fpr_at_tpr_0.8": 0.82,
      "fpr_at_tpr_0.9": 0.9,
      "fpr_at_tpr_0.95": 0.96,
      "mcc": 0.3398804086005824,
      "n_errors": 0,
      "n_scored": 200,
      "n_total": 200,
      "precision": 0.7627118644067796,
      "recall": 0.45,
      "score_max": 0.9992030262947083,
      "score_mean": 0.32894054747215706,
      "score_min": 0.00025245544384233654,
      "score_std": 0.4307387830074018,
      "specificity": 0.86,
      "threshold": 0.5,
      "tn": 86,
      "tp": 45,
      "tpr_at_fpr_0.001": 0.29,
      "tpr_at_fpr_0.005": 0.29,
      "tpr_at_fpr_0.01": 0.29,
      "tpr_at_fpr_0.05": 0.34
    },
    "domain=email": {
      "accuracy": 0.515,
      "auprc": 0.8456775320647474,
      "auroc": 0.8838,
      "balanced_accuracy": 0.515,
      "brier": 0.4703623245145496,
      "ece_10": 0.4757454471768869,
      "f1": 0.05825242718446602,
      "fn": 97,
      "fp": 0,
      "fpr_at_tpr_0.8": 0.17,
      "fpr_at_tpr_0.9": 0.26,
      "fpr_at_tpr_0.95": 0.32,
      "mcc": 0.12340351046845906,
      "n_errors": 0,
      "n_scored": 200,
      "n_total": 200,
      "precision": 1.0,
      "recall": 0.03,
      "score_max": 0.9990517497062683,
      "score_mean": 0.024254552823113045,
      "score_min": 0.00024561621830798686,
      "score_std": 0.12287315995769152,
      "specificity": 1.0,
      "threshold": 0.5,
      "tn": 100,
      "tp": 3,
      "tpr_at_fpr_0.001": 0.06,
      "tpr_at_fpr_0.005": 0.06,
      "tpr_at_fpr_0.01": 0.08,
      "tpr_at_fpr_0.05": 0.38
    },
    "domain=encyclopedic_reference": {
      "accuracy": 0.6825,
      "auprc": 0.7757524481723329,
      "auroc": 0.7235749999999999,
      "balanced_accuracy": 0.6825,
      "brier": 0.2891371402814337,
      "ece_10": 0.28115678426642265,
      "f1": 0.5916398713826366,
      "fn": 108,
      "fp": 19,
      "fpr_at_tpr_0.8": 0.515,
      "fpr_at_tpr_0.9": 0.875,
      "fpr_at_tpr_0.95": 0.98,
      "mcc": 0.407579609940779,
      "n_errors": 0,
      "n_scored": 400,
      "n_total": 400,
      "precision": 0.8288288288288288,
      "recall": 0.46,
      "score_max": 0.9992437362670898,
      "score_mean": 0.3059165257511631,
      "score_min": 0.00024743875837884843,
      "score_std": 0.4231758947603279,
      "specificity": 0.905,
      "threshold": 0.5,
      "tn": 181,
      "tp": 92,
      "tpr_at_fpr_0.001": 0.07,
      "tpr_at_fpr_0.005": 0.255,
      "tpr_at_fpr_0.01": 0.27,
      "tpr_at_fpr_0.05": 0.375
    },
    "domain=finance": {
      "accuracy": 0.985,
      "auprc": 0.9996059017666473,
      "auroc": 0.9995999999999999,
      "balanced_accuracy": 0.985,
      "brier": 0.012822984441726897,
      "ece_10": 0.01391068047058068,
      "f1": 0.9849246231155779,
      "fn": 2,
      "fp": 1,
      "fpr_at_tpr_0.8": 0.0,
      "fpr_at_tpr_0.9": 0.0,
      "fpr_at_tpr_0.95": 0.0,
      "mcc": 0.9700485036378032,
      "n_errors": 0,
      "n_scored": 200,
      "n_total": 200,
      "precision": 0.98989898989899,
      "recall": 0.98,
      "score_max": 0.9992533326148987,
      "score_mean": 0.4968109934948734,
      "score_min": 0.00024671718711033463,
      "score_std": 0.49714998384844705,
      "specificity": 0.99,
      "threshold": 0.5,
      "tn": 99,
      "tp": 98,
      "tpr_at_fpr_0.001": 0.98,
      "tpr_at_fpr_0.005": 0.98,
      "tpr_at_fpr_0.01": 0.98,
      "tpr_at_fpr_0.05": 1.0
    },
    "domain=forum_qa": {
      "accuracy": 0.6775,
      "auprc": 0.8230929579045949,
      "auroc": 0.80335,
      "balanced_accuracy": 0.6775,
      "brier": 0.2860056692193219,
      "ece_10": 0.2876177300370181,
      "f1": 0.5981308411214953,
      "fn": 104,
      "fp": 25,
      "fpr_at_tpr_0.8": 0.395,
      "fpr_at_tpr_0.9": 0.555,
      "fpr_at_tpr_0.95": 0.64,
      "mcc": 0.3864235286030611,
      "n_errors": 0,
      "n_scored": 400,
      "n_total": 400,