{
  "groups": {
    "attack=none": {
      "accuracy": 0.5,
      "auprc": 0.8090354030870296,
      "auroc": 0.76270656,
      "balanced_accuracy": 0.5,
      "brier": 0.2530642333442539,
      "ece_10": 0.12352381268213856,
      "f1": 0.6666666666666666,
      "fn": 0,
      "fp": 2500,
      "fpr_at_tpr_0.8": 0.5136,
      "fpr_at_tpr_0.9": 0.7652,
      "fpr_at_tpr_0.95": 0.9024,
      "mcc": 0.0,
      "n_errors": 0,
      "n_scored": 5000,
      "n_total": 5000,
      "precision": 0.5,
      "recall": 1.0,
      "score_max": 0.6931111925682868,
      "score_mean": 0.5838221394683707,
      "score_min": 0.5628069547288602,
      "score_std": 0.009613636721934757,
      "specificity": 0.0,
      "threshold": 0.5,
      "tn": 0,
      "tp": 2500,
      "tpr_at_fpr_0.001": 0.1024,
      "tpr_at_fpr_0.005": 0.2372,
      "tpr_at_fpr_0.01": 0.2716,
      "tpr_at_fpr_0.05": 0.448
    },
    "domain=academic_abstract": {
      "accuracy": 0.5,
      "auprc": 0.8245154973146563,
      "auroc": 0.7834374999999999,
      "balanced_accuracy": 0.5,
      "brier": 0.25360011275334793,
      "ece_10": 0.09228432354810835,
      "f1": 0.6666666666666666,
      "fn": 0,
      "fp": 400,
      "fpr_at_tpr_0.8": 0.43,
      "fpr_at_tpr_0.9": 0.735,
      "fpr_at_tpr_0.95": 0.9025,
      "mcc": 0.0,
      "n_errors": 0,
      "n_scored": 800,
      "n_total": 800,
      "precision": 0.5,
      "recall": 1.0,
      "score_max": 0.6629308991399351,
      "score_mean": 0.5807443600048982,
      "score_min": 0.5649707881728377,
      "score_std": 0.007138538473797214,
      "specificity": 0.0,
      "threshold": 0.5,
      "tn": 0,
      "tp": 400,
      "tpr_at_fpr_0.001": 0.1075,
      "tpr_at_fpr_0.005": 0.2625,
      "tpr_at_fpr_0.01": 0.3175,
      "tpr_at_fpr_0.05": 0.4525
    },
    "domain=commonsense_completion": {
      "accuracy": 0.5,
      "auprc": 0.6462754642917246,
      "auroc": 0.6456999999999999,
      "balanced_accuracy": 0.5,
      "brier": 0.254586345946972,
      "ece_10": 0.07834245924595018,
      "f1": 0.6666666666666666,
      "fn": 0,
      "fp": 100,
      "fpr_at_tpr_0.8": 0.64,
      "fpr_at_tpr_0.9": 0.81,
      "fpr_at_tpr_0.95": 0.89,
      "mcc": 0.0,
      "n_errors": 0,
      "n_scored": 200,
      "n_total": 200,
      "precision": 0.5,
      "recall": 1.0,
      "score_max": 0.6001275922889551,
      "score_mean": 0.5783424592459502,
      "score_min": 0.5652939233154102,
      "score_std": 0.006368738261434504,
      "specificity": 0.0,
      "threshold": 0.5,
      "tn": 0,
      "tp": 100,
      "tpr_at_fpr_0.001": 0.0,
      "tpr_at_fpr_0.005": 0.0,
      "tpr_at_fpr_0.01": 0.06,
      "tpr_at_fpr_0.05": 0.17
    },
    "domain=creative_writing": {
      "accuracy": 0.5,
      "auprc": 0.8366882035344088,
      "auroc": 0.8002222222222222,
      "balanced_accuracy": 0.5,
      "brier": 0.25250809600879337,
      "ece_10": 0.10738080696753369,
      "f1": 0.6666666666666666,
      "fn": 0,
      "fp": 300,
      "fpr_at_tpr_0.8": 0.38,
      "fpr_at_tpr_0.9": 0.69,
      "fpr_at_tpr_0.95": 0.82,
      "mcc": 0.0,
      "n_errors": 0,
      "n_scored": 600,
      "n_total": 600,
      "precision": 0.5,
      "recall": 1.0,
      "score_max": 0.6691063202290514,
      "score_mean": 0.5830651958186274,
      "score_min": 0.5660735106471276,
      "score_std": 0.009687568357779935,
      "specificity": 0.0,
      "threshold": 0.5,
      "tn": 0,
      "tp": 300,
      "tpr_at_fpr_0.001": 0.19666666666666666,
      "tpr_at_fpr_0.005": 0.22,
      "tpr_at_fpr_0.01": 0.2833333333333333,
      "tpr_at_fpr_0.05": 0.4866666666666667
    },
    "domain=educational_web": {
      "accuracy": 0.5,
      "auprc": 0.8319610349716632,
      "auroc": 0.7598,
      "balanced_accuracy": 0.5,
      "brier": 0.25360534812142355,
      "ece_10": 0.09995142405030558,
      "f1": 0.6666666666666666,
      "fn": 0,
      "fp": 100,
      "fpr_at_tpr_0.8": 0.62,
      "fpr_at_tpr_0.9": 0.85,
      "fpr_at_tpr_0.95": 0.91,
      "mcc": 0.0,
      "n_errors": 0,
      "n_scored": 200,
      "n_total": 200,
      "precision": 0.5,
      "recall": 1.0,
      "score_max": 0.6046364116282981,
      "score_mean": 0.5840838780871863,
      "score_min": 0.571506851382607,
      "score_std": 0.006766786551537545,
      "specificity": 0.0,
      "threshold": 0.5,
      "tn": 0,
      "tp": 100,
      "tpr_at_fpr_0.001": 0.37,
      "tpr_at_fpr_0.005": 0.37,
      "tpr_at_fpr_0.01": 0.5,
      "tpr_at_fpr_0.05": 0.59
    },
    "domain=email": {
      "accuracy": 0.5,
      "auprc": 0.940084873387158,
      "auroc": 0.9312,
      "balanced_accuracy": 0.5,
      "brier": 0.25254219432424097,
      "ece_10": 0.08100761666480305,
      "f1": 0.6666666666666666,
      "fn": 0,
      "fp": 100,
      "fpr_at_tpr_0.8": 0.08,
      "fpr_at_tpr_0.9": 0.24,
      "fpr_at_tpr_0.95": 0.39,
      "mcc": 0.0,
      "n_errors": 0,
      "n_scored": 200,
      "n_total": 200,
      "precision": 0.5,
      "recall": 1.0,
      "score_max": 0.5981457630798481,
      "score_mean": 0.581007616664803,
      "score_min": 0.5702624854953297,
      "score_std": 0.005634809077713069,
      "specificity": 0.0,
      "threshold": 0.5,
      "tn": 0,
      "tp": 100,
      "tpr_at_fpr_0.001": 0.47,
      "tpr_at_fpr_0.005": 0.47,
      "tpr_at_fpr_0.01": 0.63,
      "tpr_at_fpr_0.05": 0.74
    },
    "domain=encyclopedic_reference": {
      "accuracy": 0.5,
      "auprc": 0.8592186415277518,
      "auroc": 0.794025,
      "balanced_accuracy": 0.5,
      "brier": 0.2527342077755055,
      "ece_10": 0.11434249535990677,
      "f1": 0.6666666666666666,
      "fn": 0,
      "fp": 200,
      "fpr_at_tpr_0.8": 0.39,
      "fpr_at_tpr_0.9": 0.93,
      "fpr_at_tpr_0.95": 0.97,
      "mcc": 0.0,
      "n_errors": 0,
      "n_scored": 400,
      "n_total": 400,
      "precision": 0.5,
      "recall": 1.0,
      "score_max": 0.6592629918162133,
      "score_mean": 0.5838286052553114,
      "score_min": 0.5628069547288602,
      "score_std": 0.010130817591433198,
      "specificity": 0.0,
      "threshold": 0.5,
      "tn": 0,
      "tp": 200,
      "tpr_at_fpr_0.001": 0.4,
      "tpr_at_fpr_0.005": 0.45,
      "tpr_at_fpr_0.01": 0.455,
      "tpr_at_fpr_0.05": 0.57
    },
    "domain=finance": {
      "accuracy": 0.5,
      "auprc": 0.973755334244531,
      "auroc": 0.9756,
      "balanced_accuracy": 0.5,
      "brier": 0.24940878676343792,
      "ece_10": 0.17342282105423185,
      "f1": 0.6666666666666666,
      "fn": 0,
      "fp": 100,
      "fpr_at_tpr_0.8": 0.01,
      "fpr_at_tpr_0.9": 0.01,
      "fpr_at_tpr_0.95": 0.02,
      "mcc": 0.0,
      "n_errors": 0,
      "n_scored": 200,
      "n_total": 200,
      "precision": 0.5,
      "recall": 1.0,
      "score_max": 0.6078199830712857,
      "score_mean": 0.5879800556593805,
      "score_min": 0.5696416723786351,
      "score_std": 0.009658888080354946,
      "specificity": 0.0,
      "threshold": 0.5,
      "tn": 0,
      "tp": 100,
      "tpr_at_fpr_0.001": 0.17,
      "tpr_at_fpr_0.005": 0.17,
      "tpr_at_fpr_0.01": 0.91,
      "tpr_at_fpr_0.05": 0.98
    },
    "domain=forum_qa": {
      "accuracy": 0.5,
      "auprc": 0.8825079246293261,
      "auroc": 0.8701749999999999,
      "balanced_accuracy": 0.5,
      "brier": 0.2521006135187677,
      "ece_10": 0.1269017244115228,
      "f1": 0.6666666666666666,
      "fn": 0,
      "fp": 200,
      "fpr_at_tpr_0.8": 0.16,
      "fpr_at_tpr_0.9": 0.39,
      "fpr_at_tpr_0.95": 0.725,
      "mcc": 0.0,
      "n_errors": 0,
      "n_scored": 400,
      "n_total": 400,
      "precision": 0.5,
      "recall": 1.0,
      "score_max": 0.6463716426163579,
      "score_mean": 0.5850181704705618,
      "score_min": 0.5648977300324085,
      "score_std": 0.00957591004582228,
      "specificity": 0.0,
      "threshold": 0.5,
      "tn": 0,
      "tp": 200,
      "tpr_at_fpr_0.001": 0.02,
      "tpr_at_fpr_0.005": 0.295,
      "tpr_at_fpr_0.01": 0.37,
      "tpr_at_fpr_0.05": 0.625
    },