{
  "groups": {
    "attack=none": {
      "accuracy": 0.5,
      "auprc": 0.824946940036357,
      "auroc": 0.7823915199999999,
      "balanced_accuracy": 0.5,
      "brier": 0.4096293386538154,
      "ece_10": 0.4223351424276386,
      "f1": 0.6666666666666666,
      "fn": 0,
      "fp": 2500,
      "fpr_at_tpr_0.8": 0.4512,
      "fpr_at_tpr_0.9": 0.736,
      "fpr_at_tpr_0.95": 0.8888,
      "mcc": 0.0,
      "n_errors": 0,
      "n_scored": 5000,
      "n_total": 5000,
      "precision": 0.5,
      "recall": 1.0,
      "score_max": 1.0,
      "score_mean": 0.9223351424276385,
      "score_min": 0.5,
      "score_std": 0.04818265157803285,
      "specificity": 0.0,
      "threshold": 0.5,
      "tn": 0,
      "tp": 2500,
      "tpr_at_fpr_0.001": 0.0772,
      "tpr_at_fpr_0.005": 0.2424,
      "tpr_at_fpr_0.01": 0.3196,
      "tpr_at_fpr_0.05": 0.4656
    },
    "domain=academic_abstract": {
      "accuracy": 0.5,
      "auprc": 0.7997165985112048,
      "auroc": 0.75934375,
      "balanced_accuracy": 0.5,
      "brier": 0.4053411758646085,
      "ece_10": 0.41580891512671597,
      "f1": 0.6666666666666666,
      "fn": 0,
      "fp": 400,
      "fpr_at_tpr_0.8": 0.51,
      "fpr_at_tpr_0.9": 0.7725,
      "fpr_at_tpr_0.95": 0.92,
      "mcc": 0.0,
      "n_errors": 0,
      "n_scored": 800,
      "n_total": 800,
      "precision": 0.5,
      "recall": 1.0,
      "score_max": 0.9999999999971485,
      "score_mean": 0.9127838372487443,
      "score_min": 0.7401198431479952,
      "score_std": 0.041274151429889216,
      "specificity": 0.0,
      "threshold": 0.5,
      "tn": 0,
      "tp": 400,
      "tpr_at_fpr_0.001": 0.035,
      "tpr_at_fpr_0.005": 0.1775,
      "tpr_at_fpr_0.01": 0.21,
      "tpr_at_fpr_0.05": 0.4
    },
    "domain=commonsense_completion": {
      "accuracy": 0.5,
      "auprc": 0.6029661557746661,
      "auroc": 0.5807,
      "balanced_accuracy": 0.5,
      "brier": 0.3968127193545969,
      "ece_10": 0.39452227842307586,
      "f1": 0.6666666666666666,
      "fn": 0,
      "fp": 100,
      "fpr_at_tpr_0.8": 0.73,
      "fpr_at_tpr_0.9": 0.86,
      "fpr_at_tpr_0.95": 0.88,
      "mcc": 0.0,
      "n_errors": 0,
      "n_scored": 200,
      "n_total": 200,
      "precision": 0.5,
      "recall": 1.0,
      "score_max": 0.9999999990109545,
      "score_mean": 0.8945222784230757,
      "score_min": 0.5,
      "score_std": 0.07373055012993675,
      "specificity": 0.0,
      "threshold": 0.5,
      "tn": 0,
      "tp": 100,
      "tpr_at_fpr_0.001": 0.02,
      "tpr_at_fpr_0.005": 0.02,
      "tpr_at_fpr_0.01": 0.05,
      "tpr_at_fpr_0.05": 0.13
    },
    "domain=creative_writing": {
      "accuracy": 0.5,
      "auprc": 0.8424208019520641,
      "auroc": 0.8051333333333334,
      "balanced_accuracy": 0.5,
      "brier": 0.39934325923332814,
      "ece_10": 0.4154201541337218,
      "f1": 0.6666666666666666,
      "fn": 0,
      "fp": 300,
      "fpr_at_tpr_0.8": 0.41,
      "fpr_at_tpr_0.9": 0.6233333333333333,
      "fpr_at_tpr_0.95": 0.8066666666666666,
      "mcc": 0.0,
      "n_errors": 0,
      "n_scored": 600,
      "n_total": 600,
      "precision": 0.5,
      "recall": 1.0,
      "score_max": 0.9999999999996194,
      "score_mean": 0.9154201541337218,
      "score_min": 0.7542636016512972,
      "score_std": 0.050262160440425946,
      "specificity": 0.0,
      "threshold": 0.5,
      "tn": 0,
      "tp": 300,
      "tpr_at_fpr_0.001": 0.24,
      "tpr_at_fpr_0.005": 0.25,
      "tpr_at_fpr_0.01": 0.38,
      "tpr_at_fpr_0.05": 0.5
    },
    "domain=educational_web": {
      "accuracy": 0.5,
      "auprc": 0.8926287537218359,
      "auroc": 0.8633000000000001,
      "balanced_accuracy": 0.5,
      "brier": 0.4178869240460797,
      "ece_10": 0.43521856805272885,
      "f1": 0.6666666666666666,
      "fn": 0,
      "fp": 100,
      "fpr_at_tpr_0.8": 0.22,
      "fpr_at_tpr_0.9": 0.55,
      "fpr_at_tpr_0.95": 0.64,
      "mcc": 0.0,
      "n_errors": 0,
      "n_scored": 200,
      "n_total": 200,
      "precision": 0.5,
      "recall": 1.0,
      "score_max": 0.9973318827016939,
      "score_mean": 0.9352185680527288,
      "score_min": 0.8237342691376561,
      "score_std": 0.03603426998505976,
      "specificity": 0.0,
      "threshold": 0.5,
      "tn": 0,
      "tp": 100,
      "tpr_at_fpr_0.001": 0.5,
      "tpr_at_fpr_0.005": 0.5,
      "tpr_at_fpr_0.01": 0.53,
      "tpr_at_fpr_0.05": 0.6
    },
    "domain=email": {
      "accuracy": 0.5,
      "auprc": 0.9182747782931584,
      "auroc": 0.9558,
      "balanced_accuracy": 0.5,
      "brier": 0.38214825984572187,
      "ece_10": 0.40736755319367624,
      "f1": 0.6666666666666666,
      "fn": 0,
      "fp": 100,
      "fpr_at_tpr_0.8": 0.06,
      "fpr_at_tpr_0.9": 0.09,
      "fpr_at_tpr_0.95": 0.13,
      "mcc": 0.0,
      "n_errors": 0,
      "n_scored": 200,
      "n_total": 200,
      "precision": 0.5,
      "recall": 1.0,
      "score_max": 0.9932652566422999,
      "score_mean": 0.9073675531936761,
      "score_min": 0.7357989434018685,
      "score_std": 0.04671507537742206,
      "specificity": 0.0,
      "threshold": 0.5,
      "tn": 0,
      "tp": 100,
      "tpr_at_fpr_0.001": 0.0,
      "tpr_at_fpr_0.005": 0.0,
      "tpr_at_fpr_0.01": 0.16,
      "tpr_at_fpr_0.05": 0.78
    },
    "domain=encyclopedic_reference": {
      "accuracy": 0.5,
      "auprc": 0.8541601931829219,
      "auroc": 0.785375,
      "balanced_accuracy": 0.5,
      "brier": 0.41404568450071993,
      "ece_10": 0.4295090390941441,
      "f1": 0.6666666666666666,
      "fn": 0,
      "fp": 200,
      "fpr_at_tpr_0.8": 0.48,
      "fpr_at_tpr_0.9": 0.905,
      "fpr_at_tpr_0.95": 1.0,
      "mcc": 0.0,
      "n_errors": 0,
      "n_scored": 400,
      "n_total": 400,
      "precision": 0.5,
      "recall": 1.0,
      "score_max": 0.9999999999995834,
      "score_mean": 0.9246402788027902,
      "score_min": 0.6800824604262263,
      "score_std": 0.045918922734969246,
      "specificity": 0.0,
      "threshold": 0.5,
      "tn": 0,
      "tp": 200,
      "tpr_at_fpr_0.001": 0.22,
      "tpr_at_fpr_0.005": 0.345,
      "tpr_at_fpr_0.01": 0.505,
      "tpr_at_fpr_0.05": 0.6
    },
    "domain=finance": {
      "accuracy": 0.5,
      "auprc": 0.9913322135839847,
      "auroc": 0.9869,
      "balanced_accuracy": 0.5,
      "brier": 0.39364258775779587,
      "ece_10": 0.4340687383943599,
      "f1": 0.6666666666666666,
      "fn": 0,
      "fp": 100,
      "fpr_at_tpr_0.8": 0.01,
      "fpr_at_tpr_0.9": 0.01,
      "fpr_at_tpr_0.95": 0.01,
      "mcc": 0.0,
      "n_errors": 0,
      "n_scored": 200,
      "n_total": 200,
      "precision": 0.5,
      "recall": 1.0,
      "score_max": 0.9976932114853775,
      "score_mean": 0.9340687383943598,
      "score_min": 0.8134544807215107,
      "score_std": 0.054237807293918444,
      "specificity": 0.0,
      "threshold": 0.5,
      "tn": 0,
      "tp": 100,
      "tpr_at_fpr_0.001": 0.7,
      "tpr_at_fpr_0.005": 0.7,
      "tpr_at_fpr_0.01": 0.98,
      "tpr_at_fpr_0.05": 0.99
    },
    "domain=forum_qa": {
      "accuracy": 0.5,
      "auprc": 0.8945569479837949,
      "auroc": 0.878025,
      "balanced_accuracy": 0.5,
      "brier": 0.39604227478305504,
      "ece_10": 0.41890433475296046,
      "f1": 0.6666666666666666,
      "fn": 0,
      "fp": 200,
      "fpr_at_tpr_0.8": 0.14,
      "fpr_at_tpr_0.9": 0.43,
      "fpr_at_tpr_0.95": 0.72,
      "mcc": 0.0,
      "n_errors": 0,
      "n_scored": 400,
      "n_total": 400,
      "precision": 0.5,
      "recall": 1.0,
      "score_max": 0.9999999999999998,
      "score_mean": 0.917298325377968,
      "score_min": 0.6787981250015108,
      "score_std": 0.05365648893419592,
      "specificity": 0.0,
      "threshold": 0.5,
      "tn": 0,
      "tp": 200,
      "tpr_at_fpr_0.001": 0.05,
      "tpr_at_fpr_0.005": 0.14,
      "tpr_at_fpr_0.01": 0.25,
      "tpr_at_fpr_0.05": 0.715
    },
    "domain=howto_instructional": {
      "accuracy": 0.5,
      "auprc": 0.8189934991593629,