{
  "groups": {
    "attack=none": {
      "accuracy": 0.5476,
      "auprc": 0.5656585999284913,
      "auroc": 0.5809132800000001,
      "balanced_accuracy": 0.5476,
      "brier": 0.42468439028131927,
      "ece_10": 0.4196153438775829,
      "f1": 0.5831183192038334,
      "fn": 918,
      "fp": 1344,
      "fpr_at_tpr_0.8": 1.0,
      "fpr_at_tpr_0.9": 1.0,
      "fpr_at_tpr_0.95": 1.0,
      "mcc": 0.09661296712603047,
      "n_errors": 0,
      "n_scored": 5000,
      "n_total": 5000,
      "precision": 0.5406698564593302,
      "recall": 0.6328,
      "score_max": 1.0,
      "score_mean": 0.615316946751198,
      "score_min": 0.07585818002124356,
      "score_std": 0.4544088523159003,
      "specificity": 0.4624,
      "threshold": 0.5,
      "tn": 1156,
      "tp": 1582,
      "tpr_at_fpr_0.001": 0.0,
      "tpr_at_fpr_0.005": 0.0,
      "tpr_at_fpr_0.01": 0.0,
      "tpr_at_fpr_0.05": 0.0
    },
    "domain=academic_abstract": {
      "accuracy": 0.54125,
      "auprc": 0.5582232611051372,
      "auroc": 0.57371875,
      "balanced_accuracy": 0.54125,
      "brier": 0.43090053937004,
      "ece_10": 0.4252530454159972,
      "f1": 0.5667060212514758,
      "fn": 160,
      "fp": 207,
      "fpr_at_tpr_0.8": 1.0,
      "fpr_at_tpr_0.9": 1.0,
      "fpr_at_tpr_0.95": 1.0,
      "mcc": 0.08307547356494804,
      "n_errors": 0,
      "n_scored": 800,
      "n_total": 800,
      "precision": 0.5369127516778524,
      "recall": 0.6,
      "score_max": 1.0,
      "score_mean": 0.5921978892847447,
      "score_min": 0.07585818002124356,
      "score_std": 0.45884866275268216,
      "specificity": 0.4825,
      "threshold": 0.5,
      "tn": 193,
      "tp": 240,
      "tpr_at_fpr_0.001": 0.0,
      "tpr_at_fpr_0.005": 0.0,
      "tpr_at_fpr_0.01": 0.0,
      "tpr_at_fpr_0.05": 0.0
    },
    "domain=commonsense_completion": {
      "accuracy": 0.605,
      "auprc": 0.5615252956367267,
      "auroc": 0.60045,
      "balanced_accuracy": 0.605,
      "brier": 0.34933577615333006,
      "ece_10": 0.3369602554466118,
      "f1": 0.46258503401360546,
      "fn": 66,
      "fp": 13,
      "fpr_at_tpr_0.8": 1.0,
      "fpr_at_tpr_0.9": 1.0,
      "fpr_at_tpr_0.95": 1.0,
      "mcc": 0.2476421981870288,
      "n_errors": 0,
      "n_scored": 200,
      "n_total": 200,
      "precision": 0.723404255319149,
      "recall": 0.34,
      "score_max": 1.0,
      "score_mean": 0.29302327087911445,
      "score_min": 0.07585818002124356,
      "score_std": 0.3918201934770365,
      "specificity": 0.87,
      "threshold": 0.5,
      "tn": 87,
      "tp": 34,
      "tpr_at_fpr_0.001": 0.0,
      "tpr_at_fpr_0.005": 0.0,
      "tpr_at_fpr_0.01": 0.0,
      "tpr_at_fpr_0.05": 0.0
    },
    "domain=creative_writing": {
      "accuracy": 0.5866666666666667,
      "auprc": 0.5998809312496218,
      "auroc": 0.6177666666666666,
      "balanced_accuracy": 0.5866666666666667,
      "brier": 0.38383855369947784,
      "ece_10": 0.3755477984385751,
      "f1": 0.5960912052117264,
      "fn": 117,
      "fp": 131,
      "fpr_at_tpr_0.8": 1.0,
      "fpr_at_tpr_0.9": 1.0,
      "fpr_at_tpr_0.95": 1.0,
      "mcc": 0.1735223829111503,
      "n_errors": 0,
      "n_scored": 600,
      "n_total": 600,
      "precision": 0.5828025477707006,
      "recall": 0.61,
      "score_max": 1.0,
      "score_mean": 0.5578659300588272,
      "score_min": 0.07585818002124356,
      "score_std": 0.4603133703285702,
      "specificity": 0.5633333333333334,
      "threshold": 0.5,
      "tn": 169,
      "tp": 183,
      "tpr_at_fpr_0.001": 0.0,
      "tpr_at_fpr_0.005": 0.0,
      "tpr_at_fpr_0.01": 0.0,
      "tpr_at_fpr_0.05": 0.0
    },
    "domain=educational_web": {
      "accuracy": 0.585,
      "auprc": 0.5701760034920079,
      "auroc": 0.6078000000000001,
      "balanced_accuracy": 0.585,
      "brier": 0.39946083387862713,
      "ece_10": 0.3921317767173638,
      "f1": 0.6584362139917695,
      "fn": 20,
      "fp": 63,
      "fpr_at_tpr_0.8": 0.59,
      "fpr_at_tpr_0.9": 1.0,
      "fpr_at_tpr_0.95": 1.0,
      "mcc": 0.18829703210055532,
      "n_errors": 0,
      "n_scored": 200,
      "n_total": 200,
      "precision": 0.5594405594405595,
      "recall": 0.8,
      "score_max": 1.0,
      "score_mean": 0.7353709393294727,
      "score_min": 0.07585818002124356,
      "score_std": 0.4164549964255744,
      "specificity": 0.37,
      "threshold": 0.5,
      "tn": 37,
      "tp": 80,
      "tpr_at_fpr_0.001": 0.0,
      "tpr_at_fpr_0.005": 0.0,
      "tpr_at_fpr_0.01": 0.0,
      "tpr_at_fpr_0.05": 0.0
    },
    "domain=email": {
      "accuracy": 0.495,
      "auprc": 0.493595092313092,
      "auroc": 0.4919,
      "balanced_accuracy": 0.495,
      "brier": 0.4635497345358989,
      "ece_10": 0.46059213606675353,
      "f1": 0.44808743169398907,
      "fn": 59,
      "fp": 42,
      "fpr_at_tpr_0.8": 1.0,
      "fpr_at_tpr_0.9": 1.0,
      "fpr_at_tpr_0.95": 1.0,
      "mcc": -0.010147709425799718,
      "n_errors": 0,
      "n_scored": 200,
      "n_total": 200,
      "precision": 0.4939759036144578,
      "recall": 0.41,
      "score_max": 1.0,
      "score_mean": 0.4593462066916085,
      "score_min": 0.07585818002124356,
      "score_std": 0.4553085295128329,
      "specificity": 0.58,
      "threshold": 0.5,
      "tn": 58,
      "tp": 41,
      "tpr_at_fpr_0.001": 0.0,
      "tpr_at_fpr_0.005": 0.0,
      "tpr_at_fpr_0.01": 0.0,
      "tpr_at_fpr_0.05": 0.0
    },
    "domain=encyclopedic_reference": {
      "accuracy": 0.5275,
      "auprc": 0.5662571172322699,
      "auroc": 0.57625,
      "balanced_accuracy": 0.5275000000000001,
      "brier": 0.44667923925639985,
      "ece_10": 0.4444480181550355,
      "f1": 0.5827814569536424,
      "fn": 68,
      "fp": 121,
      "fpr_at_tpr_0.8": 1.0,
      "fpr_at_tpr_0.9": 1.0,
      "fpr_at_tpr_0.95": 1.0,
      "mcc": 0.05703924353604931,
      "n_errors": 0,
      "n_scored": 400,
      "n_total": 400,
      "precision": 0.5217391304347826,
      "recall": 0.66,
      "score_max": 1.0,
      "score_mean": 0.6592182377164302,
      "score_min": 0.07585818002124356,
      "score_std": 0.4433543484788281,
      "specificity": 0.395,
      "threshold": 0.5,
      "tn": 79,
      "tp": 132,
      "tpr_at_fpr_0.001": 0.0,
      "tpr_at_fpr_0.005": 0.0,
      "tpr_at_fpr_0.01": 0.0,
      "tpr_at_fpr_0.05": 0.0
    },
    "domain=finance": {
      "accuracy": 0.715,
      "auprc": 0.7446998873109556,
      "auroc": 0.79805,
      "balanced_accuracy": 0.7150000000000001,
      "brier": 0.2778095334912535,
      "ece_10": 0.2595798715482204,
      "f1": 0.7553648068669528,
      "fn": 12,
      "fp": 45,
      "fpr_at_tpr_0.8": 0.22,
      "fpr_at_tpr_0.9": 1.0,
      "fpr_at_tpr_0.95": 1.0,
      "mcc": 0.4555176756420703,
      "n_errors": 0,
      "n_scored": 200,
      "n_total": 200,
      "precision": 0.6616541353383458,
      "recall": 0.88,
      "score_max": 1.0,
      "score_mean": 0.6904048521624534,
      "score_min": 0.07585818002124356,
      "score_std": 0.4361807123284978,
      "specificity": 0.55,
      "threshold": 0.5,
      "tn": 55,
      "tp": 88,
      "tpr_at_fpr_0.001": 0.0,
      "tpr_at_fpr_0.005": 0.0,
      "tpr_at_fpr_0.01": 0.0,
      "tpr_at_fpr_0.05": 0.0
    },
    "domain=forum_qa": {
      "accuracy": 0.57,
      "auprc": 0.5724342110757928,
      "auroc": 0.59425,
      "balanced_accuracy": 0.5700000000000001,
      "brier": 0.40423941146314424,
      "ece_10": 0.3964890656773372,
      "f1": 0.5943396226415094,
      "fn": 74,
      "fp": 98,
      "fpr_at_tpr_0.8": 1.0,
      "fpr_at_tpr_0.9": 1.0,
      "fpr_at_tpr_0.95": 1.0,
      "mcc": 0.14101901870444156,
      "n_errors": 0,
      "n_scored": 400,
      "n_total": 400,
      "precision": 0.5625,
      "recall": 0.63,
      "score_max": 1.0,
      "score_mean": 0.5932442640960315,
      "score_min": 0.07585818002124356,
      "score_std": 0.4586183896584383,
      "specificity": 0.51,
      "threshold": 0.5,
      "tn": 102,