{
  "groups": {
    "attack=none": {
      "accuracy": 0.8014,
      "auprc": 0.900914368642797,
      "auroc": 0.8608710399999999,
      "balanced_accuracy": 0.8014,
      "brier": 0.14205951643874004,
      "ece_10": 0.06426454775086524,
      "f1": 0.7939406515874663,
      "fn": 587,
      "fp": 406,
      "fpr_at_tpr_0.8": 0.248,
      "fpr_at_tpr_0.9": 0.5956,
      "fpr_at_tpr_0.95": 0.8068,
      "mcc": 0.6043861046799556,
      "n_errors": 0,
      "n_scored": 5000,
      "n_total": 5000,
      "precision": 0.8249245364381199,
      "recall": 0.7652,
      "score_max": 1.0,
      "score_mean": 0.5632756483115983,
      "score_min": 0.18746706565260027,
      "score_std": 0.3357846491702362,
      "specificity": 0.8376,
      "threshold": 0.5,
      "tn": 2094,
      "tp": 1913,
      "tpr_at_fpr_0.001": 0.4336,
      "tpr_at_fpr_0.005": 0.538,
      "tpr_at_fpr_0.01": 0.5896,
      "tpr_at_fpr_0.05": 0.6784
    },
    "domain=academic_abstract": {
      "accuracy": 0.81,
      "auprc": 0.9024447836127202,
      "auroc": 0.8601875000000001,
      "balanced_accuracy": 0.81,
      "brier": 0.13635604741356527,
      "ece_10": 0.05781262525018925,
      "f1": 0.798941798941799,
      "fn": 98,
      "fp": 54,
      "fpr_at_tpr_0.8": 0.225,
      "fpr_at_tpr_0.9": 0.635,
      "fpr_at_tpr_0.95": 0.8075,
      "mcc": 0.6237853872390154,
      "n_errors": 0,
      "n_scored": 800,
      "n_total": 800,
      "precision": 0.848314606741573,
      "recall": 0.755,
      "score_max": 1.0,
      "score_mean": 0.5521060620937778,
      "score_min": 0.18746706565260027,
      "score_std": 0.3358707729100113,
      "specificity": 0.865,
      "threshold": 0.5,
      "tn": 346,
      "tp": 302,
      "tpr_at_fpr_0.001": 0.485,
      "tpr_at_fpr_0.005": 0.5525,
      "tpr_at_fpr_0.01": 0.6025,
      "tpr_at_fpr_0.05": 0.7125
    },
    "domain=commonsense_completion": {
      "accuracy": 0.615,
      "auprc": 0.7264713482217895,
      "auroc": 0.6885000000000001,
      "balanced_accuracy": 0.615,
      "brier": 0.23803114887834784,
      "ece_10": 0.13674964332352016,
      "f1": 0.49673202614379086,
      "fn": 62,
      "fp": 15,
      "fpr_at_tpr_0.8": 0.56,
      "fpr_at_tpr_0.9": 0.73,
      "fpr_at_tpr_0.95": 0.81,
      "mcc": 0.2605740924502473,
      "n_errors": 0,
      "n_scored": 200,
      "n_total": 200,
      "precision": 0.7169811320754716,
      "recall": 0.38,
      "score_max": 0.9999999999995073,
      "score_mean": 0.4084611008117964,
      "score_min": 0.1874724120439748,
      "score_std": 0.26175547588712694,
      "specificity": 0.85,
      "threshold": 0.5,
      "tn": 85,
      "tp": 38,
      "tpr_at_fpr_0.001": 0.14,
      "tpr_at_fpr_0.005": 0.14,
      "tpr_at_fpr_0.01": 0.23,
      "tpr_at_fpr_0.05": 0.3
    },
    "domain=creative_writing": {
      "accuracy": 0.78,
      "auprc": 0.902942766128439,
      "auroc": 0.8554388888888889,
      "balanced_accuracy": 0.78,
      "brier": 0.15512553540236884,
      "ece_10": 0.11688045650916509,
      "f1": 0.7807308970099668,
      "fn": 65,
      "fp": 67,
      "fpr_at_tpr_0.8": 0.25666666666666665,
      "fpr_at_tpr_0.9": 0.6833333333333333,
      "fpr_at_tpr_0.95": 0.8566666666666667,
      "mcc": 0.5600124448592746,
      "n_errors": 0,
      "n_scored": 600,
      "n_total": 600,
      "precision": 0.7781456953642384,
      "recall": 0.7833333333333333,
      "score_max": 1.0,
      "score_mean": 0.5986457999732196,
      "score_min": 0.1874671624247695,
      "score_std": 0.3394800326415186,
      "specificity": 0.7766666666666666,
      "threshold": 0.5,
      "tn": 233,
      "tp": 235,
      "tpr_at_fpr_0.001": 0.5566666666666666,
      "tpr_at_fpr_0.005": 0.6266666666666667,
      "tpr_at_fpr_0.01": 0.6533333333333333,
      "tpr_at_fpr_0.05": 0.72
    },
    "domain=educational_web": {
      "accuracy": 0.905,
      "auprc": 0.973062050993566,
      "auroc": 0.96535,
      "balanced_accuracy": 0.905,
      "brier": 0.09216750059087357,
      "ece_10": 0.13448031305167416,
      "f1": 0.9073170731707317,
      "fn": 7,
      "fp": 12,
      "fpr_at_tpr_0.8": 0.0,
      "fpr_at_tpr_0.9": 0.06,
      "fpr_at_tpr_0.95": 0.16,
      "mcc": 0.8110144024012493,
      "n_errors": 0,
      "n_scored": 200,
      "n_total": 200,
      "precision": 0.8857142857142857,
      "recall": 0.93,
      "score_max": 1.0,
      "score_mean": 0.6262149198769184,
      "score_min": 0.18762925013052087,
      "score_std": 0.3376151493195441,
      "specificity": 0.88,
      "threshold": 0.5,
      "tn": 88,
      "tp": 93,
      "tpr_at_fpr_0.001": 0.8,
      "tpr_at_fpr_0.005": 0.8,
      "tpr_at_fpr_0.01": 0.8,
      "tpr_at_fpr_0.05": 0.84
    },
    "domain=email": {
      "accuracy": 0.84,
      "auprc": 0.8915731070729945,
      "auroc": 0.9193,
      "balanced_accuracy": 0.84,
      "brier": 0.11988590454940848,
      "ece_10": 0.09688432993122784,
      "f1": 0.8367346938775511,
      "fn": 18,
      "fp": 14,
      "fpr_at_tpr_0.8": 0.09,
      "fpr_at_tpr_0.9": 0.21,
      "fpr_at_tpr_0.95": 0.31,
      "mcc": 0.6805446536716203,
      "n_errors": 0,
      "n_scored": 200,
      "n_total": 200,
      "precision": 0.8541666666666666,
      "recall": 0.82,
      "score_max": 0.9999726643249894,
      "score_mean": 0.5301476897111153,
      "score_min": 0.1874757856469317,
      "score_std": 0.29757103541608654,
      "specificity": 0.86,
      "threshold": 0.5,
      "tn": 86,
      "tp": 82,
      "tpr_at_fpr_0.001": 0.02,
      "tpr_at_fpr_0.005": 0.02,
      "tpr_at_fpr_0.01": 0.07,
      "tpr_at_fpr_0.05": 0.7
    },
    "domain=encyclopedic_reference": {
      "accuracy": 0.815,
      "auprc": 0.9232888837199799,
      "auroc": 0.88785,
      "balanced_accuracy": 0.815,
      "brier": 0.1312307797499739,
      "ece_10": 0.08996970459366556,
      "f1": 0.8159203980099502,
      "fn": 36,
      "fp": 38,
      "fpr_at_tpr_0.8": 0.135,
      "fpr_at_tpr_0.9": 0.555,
      "fpr_at_tpr_0.95": 0.715,
      "mcc": 0.6300315023626969,
      "n_errors": 0,
      "n_scored": 400,
      "n_total": 400,
      "precision": 0.8118811881188119,
      "recall": 0.82,
      "score_max": 1.0,
      "score_mean": 0.5899697045936655,
      "score_min": 0.1874845900797681,
      "score_std": 0.3479673801822743,
      "specificity": 0.81,
      "threshold": 0.5,
      "tn": 162,
      "tp": 164,
      "tpr_at_fpr_0.001": 0.64,
      "tpr_at_fpr_0.005": 0.655,
      "tpr_at_fpr_0.01": 0.735,
      "tpr_at_fpr_0.05": 0.755
    },
    "domain=finance": {
      "accuracy": 0.955,
      "auprc": 0.9916577005602879,
      "auroc": 0.9858000000000001,
      "balanced_accuracy": 0.9550000000000001,
      "brier": 0.058682990185860213,
      "ece_10": 0.1311940221004851,
      "f1": 0.9560975609756097,
      "fn": 2,
      "fp": 7,
      "fpr_at_tpr_0.8": 0.0,
      "fpr_at_tpr_0.9": 0.0,
      "fpr_at_tpr_0.95": 0.0,
      "mcc": 0.9111396372656011,
      "n_errors": 0,
      "n_scored": 200,
      "n_total": 200,
      "precision": 0.9333333333333333,
      "recall": 0.98,
      "score_max": 0.9999999996816257,
      "score_mean": 0.631194022100485,
      "score_min": 0.18746730342793125,
      "score_std": 0.3703086530583161,
      "specificity": 0.93,
      "threshold": 0.5,
      "tn": 93,
      "tp": 98,
      "tpr_at_fpr_0.001": 0.96,
      "tpr_at_fpr_0.005": 0.96,
      "tpr_at_fpr_0.01": 0.98,
      "tpr_at_fpr_0.05": 0.98
    },
    "domain=forum_qa": {
      "accuracy": 0.82,
      "auprc": 0.9193906535956813,
      "auroc": 0.8870750000000001,
      "balanced_accuracy": 0.82,
      "brier": 0.12971668656927407,
      "ece_10": 0.08101000396057907,
      "f1": 0.8190954773869347,
      "fn": 37,
      "fp": 35,
      "fpr_at_tpr_0.8": 0.12,
      "fpr_at_tpr_0.9": 0.49,
      "fpr_at_tpr_0.95": 0.74,
      "mcc": 0.6400320024002,
      "n_errors": 0,
      "n_scored": 400,
      "n_total": 400,
      "precision": 0.8232323232323232,
      "recall": 0.815,
      "score_max": 0.9999999999999998,