{
  "groups": {
    "attack=none": {
      "accuracy": 0.8314,
      "auprc": 0.8705228076851166,
      "auroc": 0.91321432,
      "balanced_accuracy": 0.8313999999999999,
      "brier": 0.1347663131274036,
      "ece_10": 0.10961123627016217,
      "f1": 0.8470332063146434,
      "fn": 166,
      "fp": 677,
      "fpr_at_tpr_0.8": 0.07,
      "fpr_at_tpr_0.9": 0.186,
      "fpr_at_tpr_0.95": 0.3624,
      "mcc": 0.6770952063177343,
      "n_errors": 0,
      "n_scored": 5000,
      "n_total": 5000,
      "precision": 0.7751577548987048,
      "recall": 0.9336,
      "score_max": 0.9302161494467381,
      "score_mean": 0.5562697332812473,
      "score_min": 0.00020478231237727528,
      "score_std": 0.4332399058870347,
      "specificity": 0.7292,
      "threshold": 0.5,
      "tn": 1823,
      "tp": 2334,
      "tpr_at_fpr_0.001": 0.012,
      "tpr_at_fpr_0.005": 0.0264,
      "tpr_at_fpr_0.01": 0.0424,
      "tpr_at_fpr_0.05": 0.5916
    },
    "domain=academic_abstract": {
      "accuracy": 0.9125,
      "auprc": 0.968213205069258,
      "auroc": 0.9697625000000001,
      "balanced_accuracy": 0.9125,
      "brier": 0.06703244598974006,
      "ece_10": 0.0740973230476319,
      "f1": 0.9154589371980676,
      "fn": 21,
      "fp": 49,
      "fpr_at_tpr_0.8": 0.0125,
      "fpr_at_tpr_0.9": 0.0225,
      "fpr_at_tpr_0.95": 0.13,
      "mcc": 0.8270287085557547,
      "n_errors": 0,
      "n_scored": 800,
      "n_total": 800,
      "precision": 0.8855140186915887,
      "recall": 0.9475,
      "score_max": 0.9300691633520982,
      "score_mean": 0.5027985631832358,
      "score_min": 0.00020794541734282375,
      "score_std": 0.4429316883854142,
      "specificity": 0.8775,
      "threshold": 0.5,
      "tn": 351,
      "tp": 379,
      "tpr_at_fpr_0.001": 0.0675,
      "tpr_at_fpr_0.005": 0.255,
      "tpr_at_fpr_0.01": 0.735,
      "tpr_at_fpr_0.05": 0.925
    },
    "domain=commonsense_completion": {
      "accuracy": 0.98,
      "auprc": 0.9994146202170189,
      "auroc": 0.9994,
      "balanced_accuracy": 0.98,
      "brier": 0.02050668401275357,
      "ece_10": 0.06725850096235345,
      "f1": 0.9803921568627451,
      "fn": 0,
      "fp": 4,
      "fpr_at_tpr_0.8": 0.0,
      "fpr_at_tpr_0.9": 0.0,
      "fpr_at_tpr_0.95": 0.0,
      "mcc": 0.9607689228305227,
      "n_errors": 0,
      "n_scored": 200,
      "n_total": 200,
      "precision": 0.9615384615384616,
      "recall": 1.0,
      "score_max": 0.9301086955256038,
      "score_mean": 0.4937029700172382,
      "score_min": 0.0003061325678978729,
      "score_std": 0.44431976484685937,
      "specificity": 0.96,
      "threshold": 0.5,
      "tn": 96,
      "tp": 100,
      "tpr_at_fpr_0.001": 0.98,
      "tpr_at_fpr_0.005": 0.98,
      "tpr_at_fpr_0.01": 0.98,
      "tpr_at_fpr_0.05": 1.0
    },
    "domain=creative_writing": {
      "accuracy": 0.8533333333333334,
      "auprc": 0.9098791804085673,
      "auroc": 0.8943333333333333,
      "balanced_accuracy": 0.8533333333333333,
      "brier": 0.13028348544199228,
      "ece_10": 0.10954068747509764,
      "f1": 0.8472222222222222,
      "fn": 56,
      "fp": 32,
      "fpr_at_tpr_0.8": 0.09,
      "fpr_at_tpr_0.9": 0.38,
      "fpr_at_tpr_0.95": 0.7166666666666667,
      "mcc": 0.7089389126161963,
      "n_errors": 0,
      "n_scored": 600,
      "n_total": 600,
      "precision": 0.8840579710144928,
      "recall": 0.8133333333333334,
      "score_max": 0.9300886684747892,
      "score_mean": 0.4277191320302498,
      "score_min": 0.00020558991563278926,
      "score_std": 0.4445036733391274,
      "specificity": 0.8933333333333333,
      "threshold": 0.5,
      "tn": 268,
      "tp": 244,
      "tpr_at_fpr_0.001": 0.056666666666666664,
      "tpr_at_fpr_0.005": 0.08333333333333333,
      "tpr_at_fpr_0.01": 0.3566666666666667,
      "tpr_at_fpr_0.05": 0.7433333333333333
    },
    "domain=educational_web": {
      "accuracy": 0.645,
      "auprc": 0.7740638751942988,
      "auroc": 0.8395999999999999,
      "balanced_accuracy": 0.645,
      "brier": 0.272307890525962,
      "ece_10": 0.2739919151094037,
      "f1": 0.7300380228136882,
      "fn": 4,
      "fp": 67,
      "fpr_at_tpr_0.8": 0.18,
      "fpr_at_tpr_0.9": 0.39,
      "fpr_at_tpr_0.95": 0.54,
      "mcc": 0.37342495184564006,
      "n_errors": 0,
      "n_scored": 200,
      "n_total": 200,
      "precision": 0.588957055214724,
      "recall": 0.96,
      "score_max": 0.9299573693297409,
      "score_mean": 0.7347635448973234,
      "score_min": 0.0002247267168123898,
      "score_std": 0.3386779538240601,
      "specificity": 0.33,
      "threshold": 0.5,
      "tn": 33,
      "tp": 96,
      "tpr_at_fpr_0.001": 0.0,
      "tpr_at_fpr_0.005": 0.0,
      "tpr_at_fpr_0.01": 0.02,
      "tpr_at_fpr_0.05": 0.16
    },
    "domain=email": {
      "accuracy": 0.815,
      "auprc": 0.9125060163088536,
      "auroc": 0.9207,
      "balanced_accuracy": 0.815,
      "brier": 0.14162558239364334,
      "ece_10": 0.11711059814142678,
      "f1": 0.8370044052863436,
      "fn": 5,
      "fp": 32,
      "fpr_at_tpr_0.8": 0.1,
      "fpr_at_tpr_0.9": 0.22,
      "fpr_at_tpr_0.95": 0.27,
      "mcc": 0.6543005101543008,
      "n_errors": 0,
      "n_scored": 200,
      "n_total": 200,
      "precision": 0.7480314960629921,
      "recall": 0.95,
      "score_max": 0.9300844825847981,
      "score_mean": 0.5813774131368306,
      "score_min": 0.00020799598258465417,
      "score_std": 0.42459923870781885,
      "specificity": 0.68,
      "threshold": 0.5,
      "tn": 68,
      "tp": 95,
      "tpr_at_fpr_0.001": 0.25,
      "tpr_at_fpr_0.005": 0.25,
      "tpr_at_fpr_0.01": 0.29,
      "tpr_at_fpr_0.05": 0.63
    },
    "domain=encyclopedic_reference": {
      "accuracy": 0.7525,
      "auprc": 0.8464710746840989,
      "auroc": 0.9017750000000001,
      "balanced_accuracy": 0.7525,
      "brier": 0.19660174031258296,
      "ece_10": 0.17674621182097344,
      "f1": 0.7941787941787942,
      "fn": 9,
      "fp": 90,
      "fpr_at_tpr_0.8": 0.085,
      "fpr_at_tpr_0.9": 0.235,
      "fpr_at_tpr_0.95": 0.445,
      "mcc": 0.5523250405758214,
      "n_errors": 0,
      "n_scored": 400,
      "n_total": 400,
      "precision": 0.6797153024911032,
      "recall": 0.955,
      "score_max": 0.9300608512145089,
      "score_mean": 0.6492284916120918,
      "score_min": 0.00020916268126706928,
      "score_std": 0.3971169663059222,
      "specificity": 0.55,
      "threshold": 0.5,
      "tn": 110,
      "tp": 191,
      "tpr_at_fpr_0.001": 0.025,
      "tpr_at_fpr_0.005": 0.025,
      "tpr_at_fpr_0.01": 0.04,
      "tpr_at_fpr_0.05": 0.665
    },
    "domain=finance": {
      "accuracy": 0.935,
      "auprc": 0.9660665825444246,
      "auroc": 0.9871000000000001,
      "balanced_accuracy": 0.935,
      "brier": 0.05344817101141947,
      "ece_10": 0.0556632648109187,
      "f1": 0.9383886255924171,
      "fn": 1,
      "fp": 12,
      "fpr_at_tpr_0.8": 0.01,
      "fpr_at_tpr_0.9": 0.01,
      "fpr_at_tpr_0.95": 0.02,
      "mcc": 0.875311753061199,
      "n_errors": 0,
      "n_scored": 200,
      "n_total": 200,
      "precision": 0.8918918918918919,
      "recall": 0.99,
      "score_max": 0.9300146525833246,
      "score_mean": 0.5236119362638444,
      "score_min": 0.00020750918365827122,
      "score_std": 0.44620173914251104,
      "specificity": 0.88,
      "threshold": 0.5,
      "tn": 88,
      "tp": 99,
      "tpr_at_fpr_0.001": 0.03,
      "tpr_at_fpr_0.005": 0.03,
      "tpr_at_fpr_0.01": 0.92,
      "tpr_at_fpr_0.05": 0.99
    },
    "domain=forum_qa": {
      "accuracy": 0.9425,
      "auprc": 0.9850737945837713,
      "auroc": 0.9843250000000001,
      "balanced_accuracy": 0.9425,
      "brier": 0.05022419727004352,
      "ece_10": 0.0558079901665683,
      "f1": 0.9437652811735942,
      "fn": 7,
      "fp": 16,
      "fpr_at_tpr_0.8": 0.005,
      "fpr_at_tpr_0.9": 0.035,
      "fpr_at_tpr_0.95": 0.05,
      "mcc": 0.8858974256955086,
      "n_errors": 0,