{
  "groups": {
    "attack=none": {
      "accuracy": 0.7112,
      "auprc": 0.8165714207220471,
      "auroc": 0.776986,
      "balanced_accuracy": 0.7112,
      "brier": 0.26501723167325536,
      "ece_10": 0.2537730293854373,
      "f1": 0.638095238095238,
      "fn": 1227,
      "fp": 217,
      "fpr_at_tpr_0.8": 0.4656,
      "fpr_at_tpr_0.9": 0.698,
      "fpr_at_tpr_0.95": 0.8248,
      "mcc": 0.4617609742976026,
      "n_errors": 0,
      "n_scored": 5000,
      "n_total": 5000,
      "precision": 0.8543624161073825,
      "recall": 0.5092,
      "score_max": 0.9998291730880737,
      "score_mean": 0.300379468025337,
      "score_min": 0.0001676492247497663,
      "score_std": 0.4295727510734079,
      "specificity": 0.9132,
      "threshold": 0.5,
      "tn": 2283,
      "tp": 1273,
      "tpr_at_fpr_0.001": 0.0584,
      "tpr_at_fpr_0.005": 0.296,
      "tpr_at_fpr_0.01": 0.3308,
      "tpr_at_fpr_0.05": 0.4628
    },
    "domain=academic_abstract": {
      "accuracy": 0.68125,
      "auprc": 0.7872196468170047,
      "auroc": 0.74708125,
      "balanced_accuracy": 0.68125,
      "brier": 0.29735535817707187,
      "ece_10": 0.29999147520538816,
      "f1": 0.5626072041166381,
      "fn": 236,
      "fp": 19,
      "fpr_at_tpr_0.8": 0.615,
      "fpr_at_tpr_0.9": 0.79,
      "fpr_at_tpr_0.95": 0.8725,
      "mcc": 0.4315189529774913,
      "n_errors": 0,
      "n_scored": 800,
      "n_total": 800,
      "precision": 0.8961748633879781,
      "recall": 0.41,
      "score_max": 0.9998273849487305,
      "score_mean": 0.22831628500345688,
      "score_min": 0.0001676492247497663,
      "score_std": 0.38790877628011194,
      "specificity": 0.9525,
      "threshold": 0.5,
      "tn": 381,
      "tp": 164,
      "tpr_at_fpr_0.001": 0.0325,
      "tpr_at_fpr_0.005": 0.1075,
      "tpr_at_fpr_0.01": 0.2075,
      "tpr_at_fpr_0.05": 0.425
    },
    "domain=commonsense_completion": {
      "accuracy": 0.54,
      "auprc": 0.6550778635208853,
      "auroc": 0.522,
      "balanced_accuracy": 0.54,
      "brier": 0.35785200116617,
      "ece_10": 0.34120032378559695,
      "f1": 0.5,
      "fn": 54,
      "fp": 38,
      "fpr_at_tpr_0.8": 0.94,
      "fpr_at_tpr_0.9": 0.99,
      "fpr_at_tpr_0.95": 1.0,
      "mcc": 0.08104408984731078,
      "n_errors": 0,
      "n_scored": 200,
      "n_total": 200,
      "precision": 0.5476190476190477,
      "recall": 0.46,
      "score_max": 0.9998286962509155,
      "score_mean": 0.4334409715878428,
      "score_min": 0.0001687010080786422,
      "score_std": 0.3653656537663359,
      "specificity": 0.62,
      "threshold": 0.5,
      "tn": 62,
      "tp": 46,
      "tpr_at_fpr_0.001": 0.18,
      "tpr_at_fpr_0.005": 0.18,
      "tpr_at_fpr_0.01": 0.21,
      "tpr_at_fpr_0.05": 0.32
    },
    "domain=creative_writing": {
      "accuracy": 0.6616666666666666,
      "auprc": 0.765688459977623,
      "auroc": 0.7034111111111112,
      "balanced_accuracy": 0.6616666666666666,
      "brier": 0.3169009776739936,
      "ece_10": 0.3097907766448043,
      "f1": 0.593186372745491,
      "fn": 152,
      "fp": 51,
      "fpr_at_tpr_0.8": 0.64,
      "fpr_at_tpr_0.9": 0.7766666666666666,
      "fpr_at_tpr_0.95": 0.85,
      "mcc": 0.34337842932198087,
      "n_errors": 0,
      "n_scored": 600,
      "n_total": 600,
      "precision": 0.7437185929648241,
      "recall": 0.49333333333333335,
      "score_max": 0.9998273849487305,
      "score_mean": 0.33189819715951063,
      "score_min": 0.000168242200743407,
      "score_std": 0.4456727783346913,
      "specificity": 0.83,
      "threshold": 0.5,
      "tn": 249,
      "tp": 148,
      "tpr_at_fpr_0.001": 0.2866666666666667,
      "tpr_at_fpr_0.005": 0.30666666666666664,
      "tpr_at_fpr_0.01": 0.3233333333333333,
      "tpr_at_fpr_0.05": 0.39666666666666667
    },
    "domain=educational_web": {
      "accuracy": 0.7,
      "auprc": 0.7669840582168472,
      "auroc": 0.7593000000000001,
      "balanced_accuracy": 0.7,
      "brier": 0.29520453605264513,
      "ece_10": 0.2985045656545844,
      "f1": 0.589041095890411,
      "fn": 57,
      "fp": 3,
      "fpr_at_tpr_0.8": 0.46,
      "fpr_at_tpr_0.9": 0.62,
      "fpr_at_tpr_0.95": 0.69,
      "mcc": 0.4752484565217575,
      "n_errors": 0,
      "n_scored": 200,
      "n_total": 200,
      "precision": 0.9347826086956522,
      "recall": 0.43,
      "score_max": 0.9998243451118469,
      "score_mean": 0.22868737861674163,
      "score_min": 0.0001677571563050151,
      "score_std": 0.41209197441967776,
      "specificity": 0.97,
      "threshold": 0.5,
      "tn": 97,
      "tp": 43,
      "tpr_at_fpr_0.001": 0.0,
      "tpr_at_fpr_0.005": 0.0,
      "tpr_at_fpr_0.01": 0.41,
      "tpr_at_fpr_0.05": 0.43
    },
    "domain=email": {
      "accuracy": 0.525,
      "auprc": 0.5779005321349207,
      "auroc": 0.5475,
      "balanced_accuracy": 0.525,
      "brier": 0.45242172667064756,
      "ece_10": 0.45894096562878983,
      "f1": 0.18803418803418803,
      "fn": 89,
      "fp": 6,
      "fpr_at_tpr_0.8": 0.66,
      "fpr_at_tpr_0.9": 0.74,
      "fpr_at_tpr_0.95": 0.84,
      "mcc": 0.0896437464955599,
      "n_errors": 0,
      "n_scored": 200,
      "n_total": 200,
      "precision": 0.6470588235294118,
      "recall": 0.11,
      "score_max": 0.999823272228241,
      "score_mean": 0.09138846536858182,
      "score_min": 0.00016873156710062176,
      "score_std": 0.25529146704400724,
      "specificity": 0.94,
      "threshold": 0.5,
      "tn": 94,
      "tp": 11,
      "tpr_at_fpr_0.001": 0.09,
      "tpr_at_fpr_0.005": 0.09,
      "tpr_at_fpr_0.01": 0.09,
      "tpr_at_fpr_0.05": 0.11
    },
    "domain=encyclopedic_reference": {
      "accuracy": 0.7725,
      "auprc": 0.8998818059337147,
      "auroc": 0.8765499999999999,
      "balanced_accuracy": 0.7725,
      "brier": 0.20846514107670316,
      "ece_10": 0.20838386952178545,
      "f1": 0.72,
      "fn": 83,
      "fp": 8,
      "fpr_at_tpr_0.8": 0.155,
      "fpr_at_tpr_0.9": 0.45,
      "fpr_at_tpr_0.95": 0.715,
      "mcc": 0.5879022800679471,
      "n_errors": 0,
      "n_scored": 400,
      "n_total": 400,
      "precision": 0.936,
      "recall": 0.585,
      "score_max": 0.9998254179954529,
      "score_mean": 0.31532506734831256,
      "score_min": 0.00016808396321721375,
      "score_std": 0.4445582494540624,
      "specificity": 0.96,
      "threshold": 0.5,
      "tn": 192,
      "tp": 117,
      "tpr_at_fpr_0.001": 0.255,
      "tpr_at_fpr_0.005": 0.385,
      "tpr_at_fpr_0.01": 0.395,
      "tpr_at_fpr_0.05": 0.61
    },
    "domain=finance": {
      "accuracy": 0.945,
      "auprc": 0.9871665962664626,
      "auroc": 0.9859,
      "balanced_accuracy": 0.945,
      "brier": 0.049469557872730115,
      "ece_10": 0.04891779426638098,
      "f1": 0.945273631840796,
      "fn": 5,
      "fp": 6,
      "fpr_at_tpr_0.8": 0.01,
      "fpr_at_tpr_0.9": 0.03,
      "fpr_at_tpr_0.95": 0.06,
      "mcc": 0.8900445033377781,
      "n_errors": 0,
      "n_scored": 200,
      "n_total": 200,
      "precision": 0.9405940594059405,
      "recall": 0.95,
      "score_max": 0.9998282194137573,
      "score_mean": 0.5111438621192792,
      "score_min": 0.00016792087990324944,
      "score_std": 0.4729363876088824,
      "specificity": 0.94,
      "threshold": 0.5,
      "tn": 94,
      "tp": 95,
      "tpr_at_fpr_0.001": 0.76,
      "tpr_at_fpr_0.005": 0.76,
      "tpr_at_fpr_0.01": 0.85,
      "tpr_at_fpr_0.05": 0.93
    },
    "domain=forum_qa": {
      "accuracy": 0.75,
      "auprc": 0.8474890602720101,
      "auroc": 0.833875,
      "balanced_accuracy": 0.75,
      "brier": 0.21573477708575234,
      "ece_10": 0.21390663139212845,
      "f1": 0.7023809523809523,
      "fn": 82,
      "fp": 18,
      "fpr_at_tpr_0.8": 0.315,
      "fpr_at_tpr_0.9": 0.625,
      "fpr_at_tpr_0.95": 0.72,
      "mcc": 0.5277504136509363,
      "n_errors": 0,
      "n_scored": 400,
      "n_total": 400,
      "precision": 0.8676470588235294,
      "recall": 0.59,