{
  "groups": {
    "attack=none": {
      "accuracy": 0.7794,
      "auprc": 0.9287483634401901,
      "auroc": 0.9110782399999999,
      "balanced_accuracy": 0.7794,
      "brier": 0.17042937030715408,
      "ece_10": 0.17916076522408989,
      "f1": 0.7198374396748793,
      "fn": 1083,
      "fp": 20,
      "fpr_at_tpr_0.8": 0.1256,
      "fpr_at_tpr_0.9": 0.3256,
      "fpr_at_tpr_0.95": 0.5068,
      "mcc": 0.6173907392723376,
      "n_errors": 0,
      "n_scored": 5000,
      "n_total": 5000,
      "precision": 0.9860821155184412,
      "recall": 0.5668,
      "score_max": 0.9999986290931702,
      "score_mean": 0.32083923477591014,
      "score_min": 0.00032902066595852375,
      "score_std": 0.39864406729479174,
      "specificity": 0.992,
      "threshold": 0.5,
      "tn": 2480,
      "tp": 1417,
      "tpr_at_fpr_0.001": 0.4864,
      "tpr_at_fpr_0.005": 0.5316,
      "tpr_at_fpr_0.01": 0.5828,
      "tpr_at_fpr_0.05": 0.6952
    },
    "domain=academic_abstract": {
      "accuracy": 0.81625,
      "auprc": 0.9585645117999446,
      "auroc": 0.9419000000000001,
      "balanced_accuracy": 0.8162499999999999,
      "brier": 0.1332466778709556,
      "ece_10": 0.15312742826637987,
      "f1": 0.774885145482389,
      "fn": 147,
      "fp": 0,
      "fpr_at_tpr_0.8": 0.0275,
      "fpr_at_tpr_0.9": 0.1575,
      "fpr_at_tpr_0.95": 0.4625,
      "mcc": 0.6800903262946483,
      "n_errors": 0,
      "n_scored": 800,
      "n_total": 800,
      "precision": 1.0,
      "recall": 0.6325,
      "score_max": 0.9999971389770508,
      "score_mean": 0.3468725717336201,
      "score_min": 0.0007161012035794556,
      "score_std": 0.3838166089628259,
      "specificity": 1.0,
      "threshold": 0.5,
      "tn": 400,
      "tp": 253,
      "tpr_at_fpr_0.001": 0.6925,
      "tpr_at_fpr_0.005": 0.7275,
      "tpr_at_fpr_0.01": 0.76,
      "tpr_at_fpr_0.05": 0.835
    },
    "domain=commonsense_completion": {
      "accuracy": 0.555,
      "auprc": 0.581306999589861,
      "auroc": 0.5005,
      "balanced_accuracy": 0.5549999999999999,
      "brier": 0.34395691729371625,
      "ece_10": 0.28614670562557876,
      "f1": 0.2764227642276423,
      "fn": 83,
      "fp": 6,
      "fpr_at_tpr_0.8": 0.89,
      "fpr_at_tpr_0.9": 0.95,
      "fpr_at_tpr_0.95": 0.99,
      "mcc": 0.1724019342180712,
      "n_errors": 0,
      "n_scored": 200,
      "n_total": 200,
      "precision": 0.7391304347826086,
      "recall": 0.17,
      "score_max": 0.9997341632843018,
      "score_mean": 0.2354331506509334,
      "score_min": 0.00876580085605383,
      "score_std": 0.23056176420299224,
      "specificity": 0.94,
      "threshold": 0.5,
      "tn": 94,
      "tp": 17,
      "tpr_at_fpr_0.001": 0.05,
      "tpr_at_fpr_0.005": 0.05,
      "tpr_at_fpr_0.01": 0.07,
      "tpr_at_fpr_0.05": 0.17
    },
    "domain=creative_writing": {
      "accuracy": 0.815,
      "auprc": 0.9293565392948386,
      "auroc": 0.9080111111111111,
      "balanced_accuracy": 0.815,
      "brier": 0.13293024356663452,
      "ece_10": 0.1086515118018724,
      "f1": 0.7827788649706457,
      "fn": 100,
      "fp": 11,
      "fpr_at_tpr_0.8": 0.12333333333333334,
      "fpr_at_tpr_0.9": 0.29333333333333333,
      "fpr_at_tpr_0.95": 0.5166666666666667,
      "mcc": 0.6596989242054581,
      "n_errors": 0,
      "n_scored": 600,
      "n_total": 600,
      "precision": 0.9478672985781991,
      "recall": 0.6666666666666666,
      "score_max": 0.9999985098838806,
      "score_mean": 0.39583948777755723,
      "score_min": 0.0008377113845199347,
      "score_std": 0.41383011207311715,
      "specificity": 0.9633333333333334,
      "threshold": 0.5,
      "tn": 289,
      "tp": 200,
      "tpr_at_fpr_0.001": 0.5966666666666667,
      "tpr_at_fpr_0.005": 0.6,
      "tpr_at_fpr_0.01": 0.6033333333333334,
      "tpr_at_fpr_0.05": 0.6866666666666666
    },
    "domain=educational_web": {
      "accuracy": 1.0,
      "auprc": 1.0,
      "auroc": 1.0,
      "balanced_accuracy": 1.0,
      "brier": 0.0008078601615636024,
      "ece_10": 0.01141917733155424,
      "f1": 1.0,
      "fn": 0,
      "fp": 0,
      "fpr_at_tpr_0.8": 0.0,
      "fpr_at_tpr_0.9": 0.0,
      "fpr_at_tpr_0.95": 0.0,
      "mcc": 1.0,
      "n_errors": 0,
      "n_scored": 200,
      "n_total": 200,
      "precision": 1.0,
      "recall": 1.0,
      "score_max": 0.9999986290931702,
      "score_mean": 0.5113831117530936,
      "score_min": 0.0008112034411169589,
      "score_std": 0.48914119392750594,
      "specificity": 1.0,
      "threshold": 0.5,
      "tn": 100,
      "tp": 100,
      "tpr_at_fpr_0.001": 1.0,
      "tpr_at_fpr_0.005": 1.0,
      "tpr_at_fpr_0.01": 1.0,
      "tpr_at_fpr_0.05": 1.0
    },
    "domain=email": {
      "accuracy": 0.995,
      "auprc": 1.0,
      "auroc": 1.0,
      "balanced_accuracy": 0.995,
      "brier": 0.004452134122598677,
      "ece_10": 0.018691166260978227,
      "f1": 0.9949748743718593,
      "fn": 1,
      "fp": 0,
      "fpr_at_tpr_0.8": 0.0,
      "fpr_at_tpr_0.9": 0.0,
      "fpr_at_tpr_0.95": 0.0,
      "mcc": 0.9900495037128093,
      "n_errors": 0,
      "n_scored": 200,
      "n_total": 200,
      "precision": 1.0,
      "recall": 0.99,
      "score_max": 0.999980628490448,
      "score_mean": 0.4999437106342521,
      "score_min": 0.00048243964556604624,
      "score_std": 0.48555222653503277,
      "specificity": 1.0,
      "threshold": 0.5,
      "tn": 100,
      "tp": 99,
      "tpr_at_fpr_0.001": 1.0,
      "tpr_at_fpr_0.005": 1.0,
      "tpr_at_fpr_0.01": 1.0,
      "tpr_at_fpr_0.05": 1.0
    },
    "domain=encyclopedic_reference": {
      "accuracy": 0.675,
      "auprc": 0.9170205721560744,
      "auroc": 0.8985500000000001,
      "balanced_accuracy": 0.675,
      "brier": 0.2512885003435646,
      "ece_10": 0.2807640147261555,
      "f1": 0.5185185185185185,
      "fn": 130,
      "fp": 0,
      "fpr_at_tpr_0.8": 0.185,
      "fpr_at_tpr_0.9": 0.38,
      "fpr_at_tpr_0.95": 0.53,
      "mcc": 0.4605661864718383,
      "n_errors": 0,
      "n_scored": 400,
      "n_total": 400,
      "precision": 1.0,
      "recall": 0.35,
      "score_max": 0.9999966025352478,
      "score_mean": 0.21923598527384455,
      "score_min": 0.0019654284697026014,
      "score_std": 0.32703401339240695,
      "specificity": 1.0,
      "threshold": 0.5,
      "tn": 200,
      "tp": 70,
      "tpr_at_fpr_0.001": 0.51,
      "tpr_at_fpr_0.005": 0.54,
      "tpr_at_fpr_0.01": 0.57,
      "tpr_at_fpr_0.05": 0.665
    },
    "domain=finance": {
      "accuracy": 0.93,
      "auprc": 0.9913533139730879,
      "auroc": 0.9889000000000001,
      "balanced_accuracy": 0.9299999999999999,
      "brier": 0.0488321327566516,
      "ece_10": 0.0702571899769828,
      "f1": 0.925531914893617,
      "fn": 13,
      "fp": 1,
      "fpr_at_tpr_0.8": 0.0,
      "fpr_at_tpr_0.9": 0.01,
      "fpr_at_tpr_0.95": 0.05,
      "mcc": 0.8662596863272839,
      "n_errors": 0,
      "n_scored": 200,
      "n_total": 200,
      "precision": 0.9886363636363636,
      "recall": 0.87,
      "score_max": 0.9999620914459229,
      "score_mean": 0.44432722132187336,
      "score_min": 0.0009793606586754322,
      "score_std": 0.44574632258519176,
      "specificity": 0.99,
      "threshold": 0.5,
      "tn": 99,
      "tp": 87,
      "tpr_at_fpr_0.001": 0.87,
      "tpr_at_fpr_0.005": 0.87,
      "tpr_at_fpr_0.01": 0.92,
      "tpr_at_fpr_0.05": 0.95
    },
    "domain=forum_qa": {
      "accuracy": 0.7775,
      "auprc": 0.9406510458011217,
      "auroc": 0.924425,
      "balanced_accuracy": 0.7775000000000001,
      "brier": 0.1661087549862279,
      "ece_10": 0.18838856061018305,
      "f1": 0.7156549520766773,
      "fn": 88,
      "fp": 1,
      "fpr_at_tpr_0.8": 0.1,
      "fpr_at_tpr_0.9": 0.27,
      "fpr_at_tpr_0.95": 0.45,
      "mcc": 0.616371867907148,
      "n_errors": 0,
      "n_scored": 400,
      "n_total": 400,
      "precision": 0.9911504424778761,
      "recall": 0.56,
      "score_max": 0.9999969601631165,