{
  "groups": {
    "attack=none": {
      "accuracy": 0.6908,
      "auprc": 0.6539253948542355,
      "auroc": 0.74406208,
      "balanced_accuracy": 0.6908,
      "brier": 0.2557541508473948,
      "ece_10": 0.23090667930047498,
      "f1": 0.668808911739503,
      "fn": 939,
      "fp": 607,
      "fpr_at_tpr_0.8": 0.3624,
      "fpr_at_tpr_0.9": 0.552,
      "fpr_at_tpr_0.95": 0.6744,
      "mcc": 0.3850100900028014,
      "n_errors": 0,
      "n_scored": 5000,
      "n_total": 5000,
      "precision": 0.7200184501845018,
      "recall": 0.6244,
      "score_max": 0.9997188448905945,
      "score_mean": 0.4458759068926098,
      "score_min": 0.0015878326958045363,
      "score_std": 0.42542054854533473,
      "specificity": 0.7572,
      "threshold": 0.5,
      "tn": 1893,
      "tp": 1561,
      "tpr_at_fpr_0.001": 0.0024,
      "tpr_at_fpr_0.005": 0.0068,
      "tpr_at_fpr_0.01": 0.0128,
      "tpr_at_fpr_0.05": 0.0488
    },
    "domain=academic_abstract": {
      "accuracy": 0.745,
      "auprc": 0.8016041444552772,
      "auroc": 0.78243125,
      "balanced_accuracy": 0.745,
      "brier": 0.21484916017329136,
      "ece_10": 0.18144423853897024,
      "f1": 0.6822429906542056,
      "fn": 181,
      "fp": 23,
      "fpr_at_tpr_0.8": 0.555,
      "fpr_at_tpr_0.9": 0.7425,
      "fpr_at_tpr_0.95": 0.8375,
      "mcc": 0.5333733211704224,
      "n_errors": 0,
      "n_scored": 800,
      "n_total": 800,
      "precision": 0.9049586776859504,
      "recall": 0.5475,
      "score_max": 0.9996102452278137,
      "score_mean": 0.3244015691027744,
      "score_min": 0.002974138827994466,
      "score_std": 0.3831395761338224,
      "specificity": 0.9425,
      "threshold": 0.5,
      "tn": 377,
      "tp": 219,
      "tpr_at_fpr_0.001": 0.0025,
      "tpr_at_fpr_0.005": 0.0125,
      "tpr_at_fpr_0.01": 0.035,
      "tpr_at_fpr_0.05": 0.5325
    },
    "domain=commonsense_completion": {
      "accuracy": 0.44,
      "auprc": 0.4484484320112998,
      "auroc": 0.3358,
      "balanced_accuracy": 0.44,
      "brier": 0.5455061791221792,
      "ece_10": 0.5564155526040122,
      "f1": 0.6111111111111112,
      "fn": 12,
      "fp": 100,
      "fpr_at_tpr_0.8": 0.99,
      "fpr_at_tpr_0.9": 1.0,
      "fpr_at_tpr_0.95": 1.0,
      "mcc": -0.2526455763199557,
      "n_errors": 0,
      "n_scored": 200,
      "n_total": 200,
      "precision": 0.46808510638297873,
      "recall": 0.88,
      "score_max": 0.9997188448905945,
      "score_mean": 0.9347581308009103,
      "score_min": 0.003907233476638794,
      "score_std": 0.2105937447626253,
      "specificity": 0.0,
      "threshold": 0.5,
      "tn": 0,
      "tp": 88,
      "tpr_at_fpr_0.001": 0.0,
      "tpr_at_fpr_0.005": 0.0,
      "tpr_at_fpr_0.01": 0.0,
      "tpr_at_fpr_0.05": 0.1
    },
    "domain=creative_writing": {
      "accuracy": 0.6616666666666666,
      "auprc": 0.5843158973062219,
      "auroc": 0.7010444444444446,
      "balanced_accuracy": 0.6616666666666666,
      "brier": 0.2724286850879725,
      "ece_10": 0.2618395080335904,
      "f1": 0.6444833625218914,
      "fn": 116,
      "fp": 87,
      "fpr_at_tpr_0.8": 0.35,
      "fpr_at_tpr_0.9": 0.45,
      "fpr_at_tpr_0.95": 0.5833333333333334,
      "mcc": 0.3248546890280351,
      "n_errors": 0,
      "n_scored": 600,
      "n_total": 600,
      "precision": 0.6789667896678967,
      "recall": 0.6133333333333333,
      "score_max": 0.9996336698532104,
      "score_mean": 0.4806305348706276,
      "score_min": 0.002968479646369815,
      "score_std": 0.42772262751874296,
      "specificity": 0.71,
      "threshold": 0.5,
      "tn": 213,
      "tp": 184,
      "tpr_at_fpr_0.001": 0.0033333333333333335,
      "tpr_at_fpr_0.005": 0.01,
      "tpr_at_fpr_0.01": 0.013333333333333334,
      "tpr_at_fpr_0.05": 0.02666666666666667
    },
    "domain=educational_web": {
      "accuracy": 0.795,
      "auprc": 0.9195092749414401,
      "auroc": 0.9558,
      "balanced_accuracy": 0.7949999999999999,
      "brier": 0.13753366408510997,
      "ece_10": 0.15489469840424136,
      "f1": 0.7544910179640718,
      "fn": 37,
      "fp": 4,
      "fpr_at_tpr_0.8": 0.06,
      "fpr_at_tpr_0.9": 0.09,
      "fpr_at_tpr_0.95": 0.14,
      "mcc": 0.6250126247181895,
      "n_errors": 0,
      "n_scored": 200,
      "n_total": 200,
      "precision": 0.9402985074626866,
      "recall": 0.63,
      "score_max": 0.9992651343345642,
      "score_mean": 0.35194759354693816,
      "score_min": 0.0023959558457136154,
      "score_std": 0.39161232880069236,
      "specificity": 0.96,
      "threshold": 0.5,
      "tn": 96,
      "tp": 63,
      "tpr_at_fpr_0.001": 0.0,
      "tpr_at_fpr_0.005": 0.0,
      "tpr_at_fpr_0.01": 0.32,
      "tpr_at_fpr_0.05": 0.73
    },
    "domain=email": {
      "accuracy": 0.7,
      "auprc": 0.6834592822514902,
      "auroc": 0.7399,
      "balanced_accuracy": 0.7,
      "brier": 0.24951931147539505,
      "ece_10": 0.20518753511831161,
      "f1": 0.7520661157024794,
      "fn": 9,
      "fp": 51,
      "fpr_at_tpr_0.8": 0.42,
      "fpr_at_tpr_0.9": 0.5,
      "fpr_at_tpr_0.95": 0.54,
      "mcc": 0.44075964272125995,
      "n_errors": 0,
      "n_scored": 200,
      "n_total": 200,
      "precision": 0.6408450704225352,
      "recall": 0.91,
      "score_max": 0.999561607837677,
      "score_mean": 0.682884128820151,
      "score_min": 0.005812002345919609,
      "score_std": 0.3705797591666376,
      "specificity": 0.49,
      "threshold": 0.5,
      "tn": 49,
      "tp": 91,
      "tpr_at_fpr_0.001": 0.01,
      "tpr_at_fpr_0.005": 0.01,
      "tpr_at_fpr_0.01": 0.03,
      "tpr_at_fpr_0.05": 0.13
    },
    "domain=encyclopedic_reference": {
      "accuracy": 0.7475,
      "auprc": 0.9292432801285747,
      "auroc": 0.912775,
      "balanced_accuracy": 0.7475,
      "brier": 0.20204197229114412,
      "ece_10": 0.23185378972964826,
      "f1": 0.6644518272425249,
      "fn": 100,
      "fp": 1,
      "fpr_at_tpr_0.8": 0.115,
      "fpr_at_tpr_0.9": 0.34,
      "fpr_at_tpr_0.95": 0.49,
      "mcc": 0.5696904163105669,
      "n_errors": 0,
      "n_scored": 400,
      "n_total": 400,
      "precision": 0.9900990099009901,
      "recall": 0.5,
      "score_max": 0.9996902942657471,
      "score_mean": 0.26814621027035174,
      "score_min": 0.001724726753309369,
      "score_std": 0.37076983668132646,
      "specificity": 0.995,
      "threshold": 0.5,
      "tn": 199,
      "tp": 100,
      "tpr_at_fpr_0.001": 0.335,
      "tpr_at_fpr_0.005": 0.565,
      "tpr_at_fpr_0.01": 0.57,
      "tpr_at_fpr_0.05": 0.725
    },
    "domain=finance": {
      "accuracy": 0.7,
      "auprc": 0.5344104130048881,
      "auroc": 0.6475,
      "balanced_accuracy": 0.7,
      "brier": 0.26151865661143053,
      "ece_10": 0.22595375847537066,
      "f1": 0.7368421052631579,
      "fn": 16,
      "fp": 44,
      "fpr_at_tpr_0.8": 0.44,
      "fpr_at_tpr_0.9": 0.47,
      "fpr_at_tpr_0.95": 0.5,
      "mcc": 0.4166666666666667,
      "n_errors": 0,
      "n_scored": 200,
      "n_total": 200,
      "precision": 0.65625,
      "recall": 0.84,
      "score_max": 0.9996631145477295,
      "score_mean": 0.6217784475116059,
      "score_min": 0.004690231289714575,
      "score_std": 0.4041562173102629,
      "specificity": 0.56,
      "threshold": 0.5,
      "tn": 56,
      "tp": 84,
      "tpr_at_fpr_0.001": 0.0,
      "tpr_at_fpr_0.005": 0.0,
      "tpr_at_fpr_0.01": 0.0,
      "tpr_at_fpr_0.05": 0.0
    },
    "domain=forum_qa": {
      "accuracy": 0.7525,
      "auprc": 0.7333381292301275,
      "auroc": 0.780525,
      "balanced_accuracy": 0.7525,
      "brier": 0.21438504485461324,
      "ece_10": 0.17939747271884696,
      "f1": 0.7428571428571429,
      "fn": 57,
      "fp": 42,
      "fpr_at_tpr_0.8": 0.325,
      "fpr_at_tpr_0.9": 0.555,
      "fpr_at_tpr_0.95": 0.705,
      "mcc": 0.5064263326695392,
      "n_errors": 0,
      "n_scored": 400,
      "n_total": 400,
      "precision": 0.772972972972973,
      "recall": 0.715,